-- phpMyAdmin SQL Dump
-- version 4.6.4
-- https://www.phpmyadmin.net/
--
-- Host: mysql
-- Generation Time: Jan 07, 2018 at 06:10 PM
-- Server version: 10.1.18-MariaDB-1~jessie
-- PHP Version: 5.6.26

SET SQL_MODE = "NO_AUTO_VALUE_ON_ZERO";
SET time_zone = "+00:00";


/*!40101 SET @OLD_CHARACTER_SET_CLIENT=@@CHARACTER_SET_CLIENT */;
/*!40101 SET @OLD_CHARACTER_SET_RESULTS=@@CHARACTER_SET_RESULTS */;
/*!40101 SET @OLD_COLLATION_CONNECTION=@@COLLATION_CONNECTION */;
/*!40101 SET NAMES utf8mb4 */;

--
-- Database: `dbWaveSandBar`
--

-- --------------------------------------------------------

--
-- Table structure for table `tblAllocatedLeads`
--

CREATE TABLE `tblAllocatedLeads` (
  `fldAllocatedFranchiseId` int(11) NOT NULL,
  `fldAllocatedUserId` int(11) NOT NULL,
  `fldAllocatedLeadCreated` date NOT NULL,
  `fldAllocatedLeadModified` timestamp NOT NULL DEFAULT CURRENT_TIMESTAMP ON UPDATE CURRENT_TIMESTAMP,
  `fldAllocatedLeadDeleted` tinyint(1) NOT NULL,
  `fldAllocatedAccepted` tinyint(1) NOT NULL
) ENGINE=InnoDB DEFAULT CHARSET=latin1;

--
-- Dumping data for table `tblAllocatedLeads`
--

INSERT INTO `tblAllocatedLeads` (`fldAllocatedFranchiseId`, `fldAllocatedUserId`, `fldAllocatedLeadCreated`, `fldAllocatedLeadModified`, `fldAllocatedLeadDeleted`, `fldAllocatedAccepted`) VALUES
(4, 72, '2018-01-01', '2018-01-01 19:40:51', 0, 0);

-- --------------------------------------------------------

--
-- Table structure for table `tblConfigs`
--

CREATE TABLE `tblConfigs` (
  `fldConfig` int(11) NOT NULL COMMENT '	',
  `fldConfigName` varchar(255) DEFAULT NULL,
  `fldConfigValue` varchar(255) DEFAULT NULL
) ENGINE=InnoDB DEFAULT CHARSET=latin1;

-- --------------------------------------------------------

--
-- Table structure for table `tblDepartments`
--

CREATE TABLE `tblDepartments` (
  `fldDepartmentId` int(11) NOT NULL,
  `fldDepartmentName` varchar(255) DEFAULT NULL,
  `fldDepartmentCreated` date NOT NULL,
  `fldDepartmentModified` timestamp NOT NULL DEFAULT CURRENT_TIMESTAMP ON UPDATE CURRENT_TIMESTAMP,
  `fldDepartmentDeleted` tinyint(1) NOT NULL
) ENGINE=InnoDB DEFAULT CHARSET=latin1;

--
-- Dumping data for table `tblDepartments`
--

INSERT INTO `tblDepartments` (`fldDepartmentId`, `fldDepartmentName`, `fldDepartmentCreated`, `fldDepartmentModified`, `fldDepartmentDeleted`) VALUES
(1, 'IT', '0000-00-00', '2017-10-30 23:20:45', 0),
(2, 'HR', '0000-00-00', '2017-10-30 23:20:45', 0);

-- --------------------------------------------------------

--
-- Table structure for table `tblEmployees`
--

CREATE TABLE `tblEmployees` (
  `fldEmployeeID` int(11) NOT NULL,
  `fldEmployeeStatus` varchar(45) DEFAULT NULL,
  `fldEmployeeTitle` varchar(45) DEFAULT NULL,
  `fldEmployeeCommenceDate` date DEFAULT NULL,
  `fldEmployeeType` varchar(45) DEFAULT NULL,
  `fldEmployeeEmail` varchar(255) DEFAULT NULL,
  `fldEmployeeMobile` varchar(45) DEFAULT NULL,
  `tblUsers_fldUserId` int(11) NOT NULL,
  `tblDepartments_fldDepartmentId` int(11) NOT NULL,
  `fldEmployeeCreated` date NOT NULL,
  `fldEmployeeModified` timestamp NOT NULL DEFAULT CURRENT_TIMESTAMP ON UPDATE CURRENT_TIMESTAMP,
  `fldEmployeeDeleted` tinyint(1) NOT NULL
) ENGINE=InnoDB DEFAULT CHARSET=latin1;

--
-- Dumping data for table `tblEmployees`
--

INSERT INTO `tblEmployees` (`fldEmployeeID`, `fldEmployeeStatus`, `fldEmployeeTitle`, `fldEmployeeCommenceDate`, `fldEmployeeType`, `fldEmployeeEmail`, `fldEmployeeMobile`, `tblUsers_fldUserId`, `tblDepartments_fldDepartmentId`, `fldEmployeeCreated`, `fldEmployeeModified`, `fldEmployeeDeleted`) VALUES
(34, 'Active', 'General Staff', '2017-12-28', 'Full Time', 'jonathan.manual@gmail.com', '0455421231', 68, 1, '0000-00-00', '2017-12-27 15:52:06', 0),
(35, 'Active', 'General Staff', '2017-12-29', 'Casual', 'aldrin@strategylions.com.au', '123123', 73, 1, '0000-00-00', '2017-12-29 03:19:11', 0);

-- --------------------------------------------------------

--
-- Table structure for table `tblFiles`
--

CREATE TABLE `tblFiles` (
  `fldFileId` int(11) NOT NULL,
  `fldFileName` varchar(255) DEFAULT NULL,
  `tblUsers_fldUserId` int(11) DEFAULT NULL,
  `fldFileExtension` varchar(100) NOT NULL,
  `fldFileMime` varchar(50) NOT NULL,
  `fldFileSize` varchar(50) NOT NULL,
  `fldMd5` varchar(255) NOT NULL,
  `fldFileDimensions` varchar(255) NOT NULL
) ENGINE=InnoDB DEFAULT CHARSET=latin1;

--
-- Dumping data for table `tblFiles`
--

INSERT INTO `tblFiles` (`fldFileId`, `fldFileName`, `tblUsers_fldUserId`, `fldFileExtension`, `fldFileMime`, `fldFileSize`, `fldMd5`, `fldFileDimensions`) VALUES
(1, 'pass.odt', 68, 'odt', 'application/vnd.oasis.opendocument.text', '12660', 'c3fd95bfb400e1a3c334a2cf759044db', 'Array'),
(2, 'pp.jpg', 68, 'jpg', 'image/jpeg', '19048', 'f26749bb9ce1f2c771bcbb2c42b6e8a9', 'Array'),
(3, '1-4 - Communication - sfe.ppt', 68, 'ppt', 'application/vnd.ms-powerpoint', '1635328', '0aa2a234166474d702ac3b3326efe866', 'Array');

-- --------------------------------------------------------

--
-- Table structure for table `tblFranchisees`
--

CREATE TABLE `tblFranchisees` (
  `fldFranchiseeId` int(11) NOT NULL,
  `fldFranchiseeBusinessNumber` varchar(45) DEFAULT NULL,
  `fldFranchiseeSecondaryEmail` varchar(255) DEFAULT NULL,
  `fldFranchiseeType` varchar(45) NOT NULL,
  `fldFranchiseeLeadStatus` varchar(45) NOT NULL,
  `fldFranchiseeDepositPaymentMethod` varchar(255) DEFAULT NULL,
  `fldFranchiseePaymentinFullMethod` varchar(255) DEFAULT NULL,
  `fldFranchiseeDepositTaken` date DEFAULT NULL,
  `fldFranchiseeAgreementSent` date DEFAULT NULL,
  `fldFranchiseeAgreementSigned` date DEFAULT NULL,
  `fldFranchiseeCoolofPeriod` date DEFAULT NULL,
  `fldFranchiseeSpecialCondition` text,
  `fldFranchiseePayment` varchar(45) DEFAULT NULL,
  `fldFranchiseeLeadWorth` int(11) DEFAULT NULL,
  `fldFranchiseeCreated` datetime DEFAULT NULL,
  `fldFranchiseeModified` timestamp NULL DEFAULT NULL,
  `tblUsers_fldUserId` int(11) NOT NULL,
  `fldFranchiseeLeadSource` varchar(100) NOT NULL,
  `fldFranchiseeClosedBy` varchar(100) NOT NULL,
  `fldFranchiseeCompany` varchar(255) NOT NULL,
  `fldFranchiseeAssignedTo` int(11) NOT NULL
) ENGINE=InnoDB DEFAULT CHARSET=latin1;

--
-- Dumping data for table `tblFranchisees`
--

INSERT INTO `tblFranchisees` (`fldFranchiseeId`, `fldFranchiseeBusinessNumber`, `fldFranchiseeSecondaryEmail`, `fldFranchiseeType`, `fldFranchiseeLeadStatus`, `fldFranchiseeDepositPaymentMethod`, `fldFranchiseePaymentinFullMethod`, `fldFranchiseeDepositTaken`, `fldFranchiseeAgreementSent`, `fldFranchiseeAgreementSigned`, `fldFranchiseeCoolofPeriod`, `fldFranchiseeSpecialCondition`, `fldFranchiseePayment`, `fldFranchiseeLeadWorth`, `fldFranchiseeCreated`, `fldFranchiseeModified`, `tblUsers_fldUserId`, `fldFranchiseeLeadSource`, `fldFranchiseeClosedBy`, `fldFranchiseeCompany`, `fldFranchiseeAssignedTo`) VALUES
(1, '4012231231', 'jaiden@gmail.com', 'Franchise', 'Refund form sent', 'Cheque', 'Credit Card', '2017-12-28', '2017-12-28', '2017-12-28', '2017-12-28', 'lorem ipsum', 'Paid', 4000, '2017-12-27 00:00:00', NULL, 69, 'Facebook', '2017-12-28', '', 2),
(3, NULL, NULL, 'Franchise', 'Re-Booked', '1231', '123123', '2018-01-09', '2018-01-05', '2018-04-05', '2018-02-04', 'asdasda', 'Unpaid', 4000, '2017-12-27 00:00:00', NULL, 71, 'Facebook', '', '', 2),
(4, NULL, NULL, '', '', NULL, NULL, NULL, NULL, NULL, NULL, NULL, NULL, NULL, NULL, NULL, 72, '', '', '', 0),
(5, NULL, NULL, '', '', NULL, NULL, NULL, NULL, NULL, NULL, NULL, NULL, NULL, NULL, NULL, 76, '', '', '', 0);

-- --------------------------------------------------------

--
-- Table structure for table `tblFranchises`
--

CREATE TABLE `tblFranchises` (
  `fldFranchiseId` int(11) NOT NULL,
  `fldFranchiseWaveEmail` varchar(255) DEFAULT NULL,
  `fldFranchiseVRN` varchar(255) DEFAULT NULL,
  `fldFranchiseABN` varchar(255) DEFAULT NULL,
  `fldFranchiseRBN` varchar(255) DEFAULT NULL,
  `fldFranchiseRegisteredForGTS` tinyint(1) DEFAULT NULL,
  `tblFranchisees_fldFranchiseeId` int(11) NOT NULL,
  `fldFranchiseTrainingDate` date NOT NULL,
  `fldFranchiseActivationDate` date NOT NULL,
  `fldFranchiseWeeklyFee` double NOT NULL,
  `fldFranchiseFeeStartDate` date NOT NULL,
  `fldFranchiseDateEndContract` date NOT NULL,
  `fldFranchiseAllocatedNumber` varchar(255) NOT NULL,
  `fldFranchiseRelationship` varchar(100) NOT NULL,
  `fldFranchiseCreated` date NOT NULL,
  `fldFranchiseModified` timestamp NOT NULL DEFAULT CURRENT_TIMESTAMP ON UPDATE CURRENT_TIMESTAMP,
  `fldFranchiseDeleted` tinyint(1) NOT NULL,
  `fldFranchisePostalCode` varchar(255) NOT NULL
) ENGINE=InnoDB DEFAULT CHARSET=latin1;

--
-- Dumping data for table `tblFranchises`
--

INSERT INTO `tblFranchises` (`fldFranchiseId`, `fldFranchiseWaveEmail`, `fldFranchiseVRN`, `fldFranchiseABN`, `fldFranchiseRBN`, `fldFranchiseRegisteredForGTS`, `tblFranchisees_fldFranchiseeId`, `fldFranchiseTrainingDate`, `fldFranchiseActivationDate`, `fldFranchiseWeeklyFee`, `fldFranchiseFeeStartDate`, `fldFranchiseDateEndContract`, `fldFranchiseAllocatedNumber`, `fldFranchiseRelationship`, `fldFranchiseCreated`, `fldFranchiseModified`, `fldFranchiseDeleted`, `fldFranchisePostalCode`) VALUES
(4, NULL, NULL, NULL, NULL, NULL, 3, '0000-00-00', '0000-00-00', 0, '0000-00-00', '0000-00-00', '', '', '0000-00-00', '2018-01-04 20:54:20', 0, '2009,2026,2010,2006,0810,0812'),
(5, NULL, '123123', '234234', 'werwer', NULL, 3, '2018-01-05', '2018-01-17', 2131, '2018-01-15', '2018-01-11', 'werwer234', 'Regional', '0000-00-00', '2018-01-04 18:40:10', 0, ',2007,2006'),
(6, NULL, NULL, NULL, NULL, NULL, 5, '0000-00-00', '0000-00-00', 0, '0000-00-00', '0000-00-00', '', '', '0000-00-00', '2018-01-04 19:54:09', 0, '2007,2011,2009,2021'),
(7, NULL, '123', '23123', '123123', NULL, 5, '2018-01-12', '2018-01-11', 123, '2018-01-14', '2018-01-12', '123123', 'Franchisee', '0000-00-00', '2018-01-04 19:45:16', 0, ',2007,2006'),
(8, NULL, '234234', '234234', '234234', NULL, 5, '2018-01-25', '2018-01-12', 123123, '2018-01-17', '2018-01-18', '234234', 'Regional', '0000-00-00', '2018-01-04 19:48:49', 0, ',2000,2007');

-- --------------------------------------------------------

--
-- Table structure for table `tblGrants`
--

CREATE TABLE `tblGrants` (
  `fldGrantId` int(11) NOT NULL,
  `fldGrantGroupId` int(11) NOT NULL,
  `fldGrantPermissionId` int(11) NOT NULL
) ENGINE=InnoDB DEFAULT CHARSET=latin1;

--
-- Dumping data for table `tblGrants`
--

INSERT INTO `tblGrants` (`fldGrantId`, `fldGrantGroupId`, `fldGrantPermissionId`) VALUES
(5, 1, 5),
(7, 1, 7),
(9, 1, 9),
(17, 1, 3),
(18, 1, 4),
(35, 2, 10),
(37, 2, 1),
(38, 1, 6),
(39, 1, 8),
(40, 1, 20),
(41, 1, 28),
(45, 1, 21),
(46, 1, 22),
(47, 1, 23),
(48, 1, 24),
(49, 1, 25),
(51, 1, 27),
(52, 1, 26),
(53, 1, 29),
(54, 1, 30),
(55, 1, 31),
(56, 1, 32),
(57, 1, 33),
(58, 1, 34),
(59, 1, 35),
(60, 1, 36),
(61, 1, 37),
(62, 1, 38),
(63, 1, 39),
(64, 1, 40),
(65, 1, 41),
(66, 1, 42),
(67, 1, 43),
(68, 1, 44),
(69, 1, 45),
(70, 1, 46),
(80, 1, 1),
(81, 1, 2),
(82, 1, 10),
(83, 1, 11),
(84, 1, 47),
(85, 1, 18),
(86, 1, 19),
(87, 1, 17),
(88, 1, 15),
(89, 1, 14),
(90, 1, 13),
(91, 1, 12);

-- --------------------------------------------------------

--
-- Table structure for table `tblInbox`
--

CREATE TABLE `tblInbox` (
  `fldInboxId` int(11) NOT NULL,
  `fldInboxContent` text NOT NULL,
  `fldInboxSender` int(11) NOT NULL,
  `fldInboxReceiver` int(11) NOT NULL,
  `fldInboxDateCreated` datetime NOT NULL,
  `fldInboxModified` timestamp NOT NULL DEFAULT CURRENT_TIMESTAMP ON UPDATE CURRENT_TIMESTAMP,
  `fldInboxDeleted` tinyint(1) NOT NULL
) ENGINE=InnoDB DEFAULT CHARSET=latin1;

--
-- Dumping data for table `tblInbox`
--

INSERT INTO `tblInbox` (`fldInboxId`, `fldInboxContent`, `fldInboxSender`, `fldInboxReceiver`, `fldInboxDateCreated`, `fldInboxModified`, `fldInboxDeleted`) VALUES
(1, 'Adrian Smith Phone: 123123 Mobile: 123123 Address: 1/52 Aralia St, Nightcliff, Northern Territory, 0810 -To accept or reject lead please visit https://goo.gl/3Ar74A', 0, 71, '2018-01-01 02:01:25', '2018-01-01 14:25:28', 0),
(2, 'Adrian Smith Phone: 123123 Mobile: 123123 Address: 1/52 Aralia St, Nightcliff, Northern Territory, 0810 -To accept or reject lead please visit https://goo.gl/2Ed4SS', 0, 71, '2018-01-01 07:01:33', '2018-01-01 19:33:54', 0),
(3, 'Adrian Smith Phone: 123123 Mobile: 123123 Address: 1/52 Aralia St, Nightcliff, Northern Territory, 0810 -To accept or reject lead please visit https://goo.gl/ts99Mc', 0, 71, '2018-01-01 07:01:35', '2018-01-01 19:35:59', 0),
(4, 'Adrian Smith Phone: 123123 Mobile: 123123 Address: 1/52 Aralia St, Nightcliff, Northern Territory, 0810 -To accept or reject lead please visit https://goo.gl/ts99Mc', 0, 71, '2018-01-01 07:01:36', '2018-01-01 19:36:32', 0),
(5, 'Adrian Smith Phone: 123123 Mobile: 123123 Address: 1/52 Aralia St, Nightcliff, Northern Territory, 0810 -To accept or reject lead please visit https://goo.gl/ts99Mc', 0, 71, '2018-01-01 07:01:37', '2018-01-01 19:37:01', 0);

-- --------------------------------------------------------

--
-- Table structure for table `tblInvoices`
--

CREATE TABLE `tblInvoices` (
  `fldInvoiceId` int(11) NOT NULL,
  `fldInvoicePaymentMethod` varchar(45) DEFAULT NULL,
  `fldInvoiceStatus` varchar(45) DEFAULT NULL,
  `fldInvoiceCreated` date DEFAULT NULL,
  `fldInvoiceDueDate` date DEFAULT NULL,
  `fldInvoiceName` varchar(255) DEFAULT NULL,
  `fldInvoiceQTY` int(11) DEFAULT NULL,
  `fldInvoicePrice` double DEFAULT NULL,
  `tblFranchises_fldFranchiseId` int(11) NOT NULL
) ENGINE=InnoDB DEFAULT CHARSET=latin1;

-- --------------------------------------------------------

--
-- Table structure for table `tblKnowledgeBase`
--

CREATE TABLE `tblKnowledgeBase` (
  `fldKnowledgeBaseId` int(11) NOT NULL,
  `fldKnowledgeBaseName` varchar(255) DEFAULT NULL,
  `fldKnowledgeBaseContent` varchar(255) DEFAULT NULL,
  `fldKnowledgeBaseCover` varchar(255) DEFAULT NULL,
  `tblUsers_fldUserId` int(11) NOT NULL
) ENGINE=InnoDB DEFAULT CHARSET=latin1;

-- --------------------------------------------------------

--
-- Table structure for table `tblLessons`
--

CREATE TABLE `tblLessons` (
  `fldLessonId` int(11) NOT NULL,
  `fldLessonName` varchar(255) DEFAULT NULL,
  `fldLessonContent` varchar(255) DEFAULT NULL,
  `fldLessonCreated` datetime DEFAULT NULL,
  `fldLessonModified` timestamp NULL DEFAULT NULL,
  `tblKnowledgeBase_fldKnowledgeBaseId` int(11) NOT NULL,
  `tblUsers_fldUserId` int(11) NOT NULL
) ENGINE=InnoDB DEFAULT CHARSET=latin1;

-- --------------------------------------------------------

--
-- Table structure for table `tblNextKin`
--

CREATE TABLE `tblNextKin` (
  `fldNextKinId` int(11) NOT NULL,
  `fldNextKinFName` varchar(255) DEFAULT NULL,
  `fldNextKinLName` varchar(255) DEFAULT NULL,
  `fldNextKinMobile` varchar(45) DEFAULT NULL,
  `fldNextKinRelationship` varchar(45) DEFAULT NULL,
  `tblUsers_fldUserId` int(11) NOT NULL
) ENGINE=InnoDB DEFAULT CHARSET=latin1;

--
-- Dumping data for table `tblNextKin`
--

INSERT INTO `tblNextKin` (`fldNextKinId`, `fldNextKinFName`, `fldNextKinLName`, `fldNextKinMobile`, `fldNextKinRelationship`, `tblUsers_fldUserId`) VALUES
(1, 'Jhon', 'Manuel', '4012312312', 'Father', 68),
(2, 'aldrin@strategylions.com.au', 'aldrin@strategylions.com.au', '13123', 'aldrin@strategylions.com.au', 73);

-- --------------------------------------------------------

--
-- Table structure for table `tblNotes`
--

CREATE TABLE `tblNotes` (
  `fldNoteId` int(11) NOT NULL,
  `fldNoteCreated` datetime DEFAULT NULL,
  `fldNoteModified` timestamp NULL DEFAULT NULL,
  `fldNoteContent` text,
  `tblUsers_fldUserId` int(11) NOT NULL,
  `fldNoteType` varchar(50) NOT NULL,
  `fldNoteTypeId` int(11) NOT NULL
) ENGINE=InnoDB DEFAULT CHARSET=latin1;

--
-- Dumping data for table `tblNotes`
--

INSERT INTO `tblNotes` (`fldNoteId`, `fldNoteCreated`, `fldNoteModified`, `fldNoteContent`, `tblUsers_fldUserId`, `fldNoteType`, `fldNoteTypeId`) VALUES
(1, '2017-12-27 04:12:05', NULL, 'Good job', 2, 'employee', 68),
(2, '2017-12-27 06:12:17', NULL, 'lorem ipsum', 2, 'franchise sale', 69);

-- --------------------------------------------------------

--
-- Table structure for table `tblOptions`
--

CREATE TABLE `tblOptions` (
  `fldOptionId` int(11) NOT NULL,
  `fldOption` varchar(255) NOT NULL,
  `fldOptionFor` varchar(100) NOT NULL,
  `fldOptionCreated` date NOT NULL,
  `fldOptionModified` timestamp NOT NULL DEFAULT CURRENT_TIMESTAMP ON UPDATE CURRENT_TIMESTAMP,
  `fldOptionDeleted` tinyint(1) NOT NULL
) ENGINE=InnoDB DEFAULT CHARSET=latin1;

--
-- Dumping data for table `tblOptions`
--

INSERT INTO `tblOptions` (`fldOptionId`, `fldOption`, `fldOptionFor`, `fldOptionCreated`, `fldOptionModified`, `fldOptionDeleted`) VALUES
(1, 'Active', 'Employee Status', '2017-12-12', '2017-12-12 16:46:51', 0),
(3, 'On Leave', 'Employee Status', '2017-12-12', '2017-12-12 17:14:38', 0),
(4, 'Suspended', 'Employee Status', '2017-12-12', '2017-12-12 17:15:54', 0),
(5, 'Terminated', 'Employee Status', '2017-12-12', '2017-12-12 17:35:55', 0),
(6, 'General Staff', 'Employee Title', '2017-12-12', '2017-12-12 17:38:48', 0),
(7, 'Manager', 'Employee Title', '2017-12-12', '2017-12-12 17:39:02', 0),
(8, 'General Manager', 'Employee Title', '2017-12-12', '2017-12-12 17:40:42', 0),
(9, 'Director', 'Employee Title', '2017-12-12', '2017-12-12 17:40:45', 0),
(10, 'Full Time', 'Employment Type', '2017-12-12', '2017-12-12 17:46:18', 0),
(11, 'Part Time', 'Employment Type', '2017-12-12', '2017-12-12 17:46:28', 0),
(12, 'Casual', 'Employment Type', '2017-12-12', '2017-12-12 17:46:58', 0),
(13, 'Contract', 'Employment Type', '2017-12-12', '2017-12-12 17:47:43', 0),
(14, 'Other', 'Employment Type', '2017-12-12', '2017-12-12 17:47:49', 0),
(15, 'Franchise', 'Franchise Type', '2017-12-16', '2017-12-16 20:07:33', 0),
(16, 'Franchisee', 'User Type', '2017-12-17', '2017-12-17 18:27:58', 0),
(17, 'Regional', 'Franchise Type', '2017-12-18', '2017-12-18 16:41:15', 0),
(18, 'State', 'Franchise Type', '2017-12-18', '2017-12-18 16:41:23', 0),
(19, 'Investor', 'Franchise Type', '2017-12-18', '2017-12-18 16:41:28', 0),
(20, 'Other', 'Franchise Type', '2017-12-18', '2017-12-18 16:41:35', 0),
(21, 'Pending', 'Lead Status', '2017-12-18', '2017-12-18 16:41:56', 0),
(22, 'Interview Booked', 'Lead Status', '2017-12-18', '2017-12-18 16:42:01', 0),
(23, 'Interview No Show', 'Lead Status', '2017-12-18', '2017-12-18 16:42:07', 0),
(24, 'Re-Booked', 'Lead Status', '2017-12-18', '2017-12-18 16:42:12', 0),
(25, 'Interview Cancelled', 'Lead Status', '2017-12-18', '2017-12-18 16:42:17', 0),
(26, 'Interview Conducted, No Deposit', 'Lead Status', '2017-12-18', '2017-12-18 16:42:24', 0),
(27, 'Interview Conducted, deposit paid', 'Lead Status', '2017-12-18', '2017-12-18 16:42:29', 0),
(28, 'Agreement Sent', 'Lead Status', '2017-12-18', '2017-12-18 16:42:38', 0),
(29, 'Phone Appointment', 'Lead Status', '2017-12-18', '2017-12-18 16:42:43', 0),
(30, 'Phone Appointment Follow Up', 'Lead Status', '2017-12-18', '2017-12-18 16:42:48', 0),
(31, 'Phone Appointment No Answer', 'Lead Status', '2017-12-18', '2017-12-18 16:42:53', 0),
(32, 'Agreed To Proceed', 'Lead Status', '2017-12-18', '2017-12-18 16:43:06', 0),
(33, 'Signed Agreement Not Received', 'Lead Status', '2017-12-18', '2017-12-18 16:43:14', 0),
(34, 'Signed Agreement Received', 'Lead Status', '2017-12-18', '2017-12-18 16:43:19', 0),
(35, 'Signed Agreement Part Payment', 'Lead Status', '2017-12-18', '2017-12-18 16:43:25', 0),
(36, 'Refund Requested', 'Lead Status', '2017-12-18', '2017-12-18 16:43:30', 0),
(37, 'Refund form sent', 'Lead Status', '2017-12-18', '2017-12-18 16:43:35', 0),
(38, 'Deposit Refunded', 'Lead Status', '2017-12-18', '2017-12-18 16:43:40', 0),
(39, 'Agreement Sent – Uncontactable', 'Lead Status', '2017-12-18', '2017-12-18 16:43:48', 0),
(40, 'Follow up', 'Lead Status', '2017-12-18', '2017-12-18 16:43:53', 0),
(41, 'To be rescheduled', 'Lead Status', '2017-12-18', '2017-12-18 16:43:58', 0),
(42, 'Closed Won Resell', 'Lead Status', '2017-12-18', '2017-12-18 16:44:04', 0),
(43, 'Dead Lead', 'Lead Status', '2017-12-18', '2017-12-18 16:44:09', 0),
(44, 'Unpaid', 'Payment Status', '2017-12-18', '2017-12-18 16:44:32', 0),
(45, 'Paid', 'Payment Status', '2017-12-18', '2017-12-18 16:44:38', 0),
(46, 'Google', 'Lead Source', '2017-12-18', '2017-12-18 16:44:55', 0),
(47, 'Facebook', 'Lead Source', '2017-12-18', '2017-12-18 16:44:59', 0),
(48, 'Seek Commercial', 'Lead Source', '2017-12-18', '2017-12-18 16:45:04', 0),
(49, 'Business', 'Lead Source', '2017-12-18', '2017-12-18 16:45:10', 0),
(50, 'TV', 'Lead Source', '2017-12-18', '2017-12-18 16:45:15', 0),
(51, 'Radio', 'Lead Source', '2017-12-18', '2017-12-18 16:45:19', 0),
(52, 'Sign Writing', 'Lead Source', '2017-12-18', '2017-12-18 16:45:25', 0),
(53, 'Expo', 'Lead Source', '2017-12-18', '2017-12-18 16:45:32', 0),
(54, 'Brochure', 'Lead Source', '2017-12-18', '2017-12-18 16:45:38', 0),
(55, 'BSale', 'Lead Source', '2017-12-18', '2017-12-18 16:45:42', 0),
(56, 'Email', 'Lead Source', '2017-12-18', '2017-12-18 16:45:47', 0),
(57, 'Gumtree', 'Lead Source', '2017-12-18', '2017-12-18 16:45:51', 0),
(58, 'Newspaper', 'Lead Source', '2017-12-18', '2017-12-18 16:45:57', 0),
(59, 'Business2Sell', 'Lead Source', '2017-12-18', '2017-12-18 16:46:01', 0),
(60, 'Franchise Sales Dot Com Au', 'Lead Source', '2017-12-18', '2017-12-18 16:46:07', 0),
(61, 'Office Signage', 'Lead Source', '2017-12-18', '2017-12-18 16:46:12', 0),
(62, 'Shopping Centre Promo', 'Lead Source', '2017-12-18', '2017-12-18 16:46:17', 0),
(63, 'Website', 'Lead Source', '2017-12-18', '2017-12-18 16:46:23', 0),
(64, 'Word of mouth', 'Lead Source', '2017-12-18', '2017-12-18 16:46:28', 0),
(65, 'Seminar', 'Lead Source', '2017-12-18', '2017-12-18 16:46:33', 0),
(66, 'Other', 'Lead Source', '2017-12-18', '2017-12-18 16:46:39', 0),
(67, 'Regional', 'User Type', '2017-12-27', '2017-12-27 20:36:23', 0),
(68, 'State', 'User Type', '2017-12-27', '2017-12-27 20:36:29', 0),
(69, 'Active', 'Account Status', '2017-12-27', '2017-12-27 20:38:24', 0),
(70, 'On Hold', 'Account Status', '2017-12-27', '2017-12-27 20:38:34', 0),
(71, 'Pending', 'Account Status', '2017-12-27', '2017-12-27 20:38:40', 0),
(72, 'Suspended', 'Account Status', '2017-12-27', '2017-12-27 20:38:47', 0),
(73, 'Terminated', 'Account Status', '2017-12-27', '2017-12-27 20:38:53', 0),
(74, 'Mr', 'Title', '2018-01-01', '2018-01-01 20:12:42', 0),
(75, 'Mrs', 'Title', '2018-01-01', '2018-01-01 20:12:47', 0),
(76, 'Google', 'Lead From', '2018-01-01', '2018-01-01 20:15:06', 0),
(77, 'Other Search Engine', 'Lead From', '2018-01-01', '2018-01-01 20:15:16', 0),
(78, 'Facebook', 'Lead From', '2018-01-01', '2018-01-01 20:15:23', 0),
(79, 'Gumtree', 'Lead From', '2018-01-01', '2018-01-01 20:15:30', 0),
(80, 'Brochure', 'Lead From', '2018-01-01', '2018-01-01 20:15:36', 0),
(81, 'Flyer', 'Lead From', '2018-01-01', '2018-01-01 20:15:42', 0),
(82, 'TV', 'Lead From', '2018-01-01', '2018-01-01 20:15:45', 0),
(83, 'Radio', 'Lead From', '2018-01-01', '2018-01-01 20:15:51', 0),
(84, 'Linkedin', 'Lead From', '2018-01-01', '2018-01-01 20:15:57', 0),
(85, 'Newspaper', 'Lead From', '2018-01-01', '2018-01-01 20:16:03', 0),
(86, 'Word Of Mouth / Referral', 'Lead From', '2018-01-01', '2018-01-01 20:16:12', 0),
(87, 'Sign Writing', 'Lead From', '2018-01-01', '2018-01-01 20:16:20', 0),
(88, 'Cash', 'Deposit Payment Method', '2018-01-03', '2018-01-03 16:24:03', 0),
(89, 'Cheque', 'Deposit Payment Method', '2018-01-03', '2018-01-03 16:24:13', 0),
(90, 'Credit Card', 'Deposit Payment Method', '2018-01-03', '2018-01-03 16:24:34', 0),
(91, 'Direct Transfer', 'Deposit Payment Method', '2018-01-03', '2018-01-03 16:24:48', 0),
(92, 'Micro Pay', 'Deposit Payment Method', '2018-01-03', '2018-01-03 16:25:00', 0),
(93, 'Square App', 'Deposit Payment Method', '2018-01-03', '2018-01-03 16:25:16', 0),
(94, 'Cash', 'Payment In Full Method', '2018-01-03', '2018-01-03 16:33:02', 0),
(95, 'Cheque', 'Payment In Full Method', '2018-01-03', '2018-01-03 16:33:09', 0),
(96, 'Credit Card', 'Payment In Full Method', '2018-01-03', '2018-01-03 16:33:20', 0),
(97, 'Direct Transfer', 'Payment In Full Method', '2018-01-03', '2018-01-03 16:33:30', 0),
(98, 'Micro Pay', 'Payment In Full Method', '2018-01-03', '2018-01-03 16:33:39', 0),
(99, 'Square App', 'Payment In Full Method', '2018-01-03', '2018-01-03 16:33:49', 0),
(100, 'Regional', 'Relationships', '2018-01-03', '2018-01-03 17:00:38', 0),
(101, 'Regional', 'Relationships', '2018-01-03', '2018-01-03 17:00:41', 1),
(102, 'State', 'Relationships', '2018-01-03', '2018-01-03 17:00:44', 0),
(103, 'Franchisee', 'Relationships', '2018-01-03', '2018-01-03 17:00:47', 0),
(104, 'Regional', 'Relationship', '2018-01-04', '2018-01-04 15:17:34', 0),
(105, 'State', 'Relationship', '2018-01-04', '2018-01-04 15:17:37', 0),
(106, 'Franchisee', 'Relationship', '2018-01-04', '2018-01-04 15:17:43', 0);

-- --------------------------------------------------------

--
-- Table structure for table `tblPermissions`
--

CREATE TABLE `tblPermissions` (
  `fldPermissionId` int(11) NOT NULL,
  `fldPermission` varchar(255) DEFAULT NULL,
  `fldPermissionGroup` varchar(100) NOT NULL
) ENGINE=InnoDB DEFAULT CHARSET=latin1;

--
-- Dumping data for table `tblPermissions`
--

INSERT INTO `tblPermissions` (`fldPermissionId`, `fldPermission`, `fldPermissionGroup`) VALUES
(1, 'Menu', 'Staff User Management'),
(2, 'Add', 'Staff User Management'),
(3, 'Edit', 'Staff User Management'),
(4, 'Delete', 'Staff User Management'),
(5, 'Notes', 'Staff User Management'),
(6, 'Documents', 'Staff User Management'),
(7, 'Permission', 'Staff User Management'),
(8, 'Options', 'Staff User Management'),
(9, 'View', 'Staff User Management'),
(10, 'Menu', 'Franchise Sale'),
(11, 'Add', 'Franchise Sale'),
(12, 'Edit', 'Franchise Sale'),
(13, 'Delete', 'Franchise Sale'),
(14, 'Notes', 'Franchise Sale'),
(15, 'Documents', 'Franchise Sale'),
(17, 'Options', 'Franchise Sale'),
(18, 'View', 'Franchise Sale'),
(19, 'Convert', 'Franchise Sale'),
(20, 'MenuUsers', 'Franchise Admin'),
(21, 'AddUsers', 'Franchise Admin'),
(22, 'EditUsers', 'Franchise Admin'),
(23, 'DeleteUsers', 'Franchise Admin'),
(24, 'ResetPassword', 'Franchise Admin'),
(25, 'LoginAsFranchisee', 'Franchise Admin'),
(26, 'OptionsUsers', 'Franchise Admin'),
(27, 'View Users', 'Franchise Admin'),
(28, 'Menu', 'Franchise Admin'),
(29, 'MenuFranchise', 'Franchise Admin'),
(30, 'AddFranchise', 'Franchise Admin'),
(31, 'EditFranchise', 'Franchise Admin'),
(32, 'DeleteFranchise', 'Franchise Admin'),
(33, 'Notes', 'Franchise Admin'),
(34, 'SMS', 'Franchise Admin'),
(35, 'OptionsFranchise', 'Franchise Admin'),
(36, 'ViewFranchise', 'Franchise Admin'),
(37, 'AddPostalCode', 'Franchise Admin'),
(38, 'EditPostalCode', 'Franchise Admin'),
(39, 'Menu', 'Franchisee Leads'),
(40, 'Add', 'Franchisee Leads'),
(41, 'Edit', 'Franchisee Leads'),
(42, 'Delete', 'Franchisee Leads'),
(43, 'AllocateLeads', 'Franchisee Leads'),
(44, 'Options', 'Franchisee Leads'),
(45, 'View', 'Franchisee Leads'),
(46, 'Notification', 'Franchisee Leads'),
(47, 'AllLeads', 'Franchise Sale');

-- --------------------------------------------------------

--
-- Table structure for table `tblPostalCodes`
--

CREATE TABLE `tblPostalCodes` (
  `fldPostalCodeId` int(11) NOT NULL,
  `fldPostalCode` varchar(6) NOT NULL,
  `fldPostalCodeLat` varchar(100) NOT NULL,
  `fldPostalCodeLong` varchar(100) NOT NULL,
  `fldPostalCodeCreated` date NOT NULL,
  `fldPostalCodeModified` timestamp NOT NULL DEFAULT CURRENT_TIMESTAMP ON UPDATE CURRENT_TIMESTAMP,
  `fldPostalCodeDeleted` tinyint(1) NOT NULL,
  `fldPostalUserId` int(11) NOT NULL,
  `fldPostalCodeStateId` int(11) NOT NULL,
  `fldPostalCodeRegionalId` int(11) NOT NULL
) ENGINE=InnoDB DEFAULT CHARSET=latin1;

--
-- Dumping data for table `tblPostalCodes`
--

INSERT INTO `tblPostalCodes` (`fldPostalCodeId`, `fldPostalCode`, `fldPostalCodeLat`, `fldPostalCodeLong`, `fldPostalCodeCreated`, `fldPostalCodeModified`, `fldPostalCodeDeleted`, `fldPostalUserId`, `fldPostalCodeStateId`, `fldPostalCodeRegionalId`) VALUES
(1, '2000', '-33.868125', '151.207973', '2017-11-29', '2018-01-04 19:48:49', 0, 5, 0, 0),
(2, '2006', '-33.887612', '151.187005', '2017-11-29', '2018-01-04 20:39:44', 0, 4, 0, 0),
(3, '2007', '-33.880253', '151.197953', '2017-11-29', '2018-01-04 19:53:31', 0, 6, 0, 0),
(4, '2008', '-33.888313', '151.196686', '2017-11-29', '2017-11-29 05:34:56', 0, 0, 0, 0),
(5, '2009', '-33.86901', '151.19353', '2017-11-29', '2018-01-04 20:39:44', 0, 4, 0, 0),
(6, '2010', '-33.88258', '151.214917', '2017-11-29', '2018-01-04 20:39:44', 0, 4, 0, 0),
(7, '2011', '-33.870134', '151.224079', '2017-11-29', '2018-01-04 19:53:31', 0, 6, 0, 0),
(8, '2015', '-33.908139', '151.193053', '2017-11-29', '2017-11-29 05:34:56', 0, 0, 0, 0),
(9, '2016', '-33.8931', '151.206588', '2017-11-29', '2017-11-29 05:34:56', 0, 0, 0, 0),
(10, '2017', '-33.903029', '151.207779', '2017-11-29', '2017-11-29 05:34:56', 0, 0, 0, 0),
(11, '2018', '-33.926459', '151.209055', '2017-11-29', '2017-11-29 05:34:56', 0, 0, 0, 0),
(12, '2019', '-33.952427', '151.207866', '2017-11-29', '2017-11-29 05:34:56', 0, 0, 0, 0),
(13, '2020', '-33.940155', '151.18198', '2017-11-29', '2017-11-29 05:34:56', 0, 0, 0, 0),
(14, '2021', '-33.893062', '151.228202', '2017-11-29', '2018-01-04 19:54:09', 0, 6, 0, 0),
(15, '2022', '-33.895884', '151.249252', '2017-11-29', '2017-11-29 05:34:56', 0, 0, 0, 0),
(16, '2023', '-23.992438', '134.050443', '2017-11-29', '2017-11-29 05:34:56', 0, 0, 0, 0),
(17, '2024', '-33.903256', '151.261531', '2017-11-29', '2017-11-29 05:34:56', 0, 0, 0, 0),
(18, '2025', '-23.992438', '134.050443', '2017-11-29', '2017-11-29 05:34:56', 0, 0, 0, 0),
(19, '2026', '-33.889485', '151.272308', '2017-11-29', '2018-01-04 20:39:44', 0, 4, 0, 0),
(20, '2027', '-23.992438', '134.050443', '2017-11-29', '2017-11-29 05:34:56', 0, 0, 0, 0),
(21, '2028', '-23.992438', '134.050443', '2017-11-29', '2017-11-29 05:34:56', 0, 0, 0, 0),
(22, '2029', '-23.992438', '134.050443', '2017-11-29', '2017-11-29 05:34:56', 0, 0, 0, 0),
(23, '2030', '-23.992438', '134.050443', '2017-11-29', '2017-11-29 05:34:56', 0, 0, 0, 0),
(24, '2031', '-33.915004', '151.243872', '2017-11-29', '2017-11-29 05:34:56', 0, 0, 0, 0),
(25, '2032', '-33.925864', '151.228339', '2017-11-29', '2017-11-29 05:34:56', 0, 0, 0, 0),
(26, '2033', '-33.91268', '151.219078', '2017-11-29', '2017-11-29 05:34:56', 0, 0, 0, 0),
(27, '2034', '-33.924488', '151.254513', '2017-11-29', '2017-11-29 05:34:56', 0, 0, 0, 0),
(28, '2035', '-33.942981', '151.239219', '2017-11-29', '2017-11-29 05:34:56', 0, 0, 0, 0),
(29, '2036', '-33.970897', '151.238957', '2017-11-29', '2017-11-29 05:34:56', 0, 0, 0, 0),
(30, '2037', '-33.878786', '151.185269', '2017-11-29', '2017-11-29 05:34:56', 0, 0, 0, 0),
(31, '2038', '-33.880827', '151.171355', '2017-11-29', '2017-11-29 05:34:56', 0, 0, 0, 0),
(32, '2039', '-33.863373', '151.173254', '2017-11-29', '2017-11-29 05:34:56', 0, 0, 0, 0),
(33, '2040', '-33.877157', '151.15776', '2017-11-29', '2017-11-29 05:34:56', 0, 0, 0, 0),
(34, '2041', '-33.856539', '151.181981', '2017-11-29', '2017-11-29 05:34:56', 0, 0, 0, 0),
(35, '2042', '-33.898963', '151.177528', '2017-11-29', '2017-11-29 05:34:56', 0, 0, 0, 0),
(36, '2043', '-33.90254', '151.185786', '2017-11-29', '2017-11-29 05:34:56', 0, 0, 0, 0),
(37, '2044', '-33.920348', '151.169385', '2017-11-29', '2017-11-29 05:34:56', 0, 0, 0, 0),
(38, '2045', '-33.877931', '151.140001', '2017-11-29', '2017-11-29 05:34:56', 0, 0, 0, 0),
(39, '2046', '-23.992438', '134.050443', '2017-11-29', '2017-11-29 05:34:56', 0, 0, 0, 0),
(40, '2047', '-23.992438', '134.050443', '2017-11-29', '2017-11-29 05:34:56', 0, 0, 0, 0),
(41, '2048', '-33.893033', '151.166168', '2017-11-29', '2017-11-29 05:34:56', 0, 0, 0, 0),
(42, '2049', '-33.894848', '151.152182', '2017-11-29', '2017-11-29 05:34:56', 0, 0, 0, 0),
(43, '2050', '-33.889261', '151.17708', '2017-11-29', '2017-11-29 05:34:56', 0, 0, 0, 0),
(44, '2052', '-33.917447', '151.230544', '2017-11-29', '2017-11-29 05:34:56', 0, 0, 0, 0),
(45, '2060', '-33.839096', '151.205018', '2017-11-29', '2017-11-29 05:34:56', 0, 0, 0, 0),
(46, '2061', '-33.847471', '151.21458', '2017-11-29', '2017-11-29 05:34:56', 0, 0, 0, 0),
(47, '2062', '-33.8225', '151.214197', '2017-11-29', '2017-11-29 05:34:56', 0, 0, 0, 0),
(48, '2063', '-33.81098', '151.217973', '2017-11-29', '2017-11-29 05:34:56', 0, 0, 0, 0),
(49, '2064', '-33.811359', '151.186229', '2017-11-29', '2017-11-29 05:34:56', 0, 0, 0, 0),
(50, '2065', '-33.826167', '151.194377', '2017-11-29', '2017-11-29 05:34:56', 0, 0, 0, 0),
(51, '2066', '-33.816372', '151.161927', '2017-11-29', '2017-11-29 05:34:56', 0, 0, 0, 0),
(52, '2067', '-33.796248', '151.177992', '2017-11-29', '2017-11-29 05:34:56', 0, 0, 0, 0),
(53, '2068', '-33.799677', '151.208416', '2017-11-29', '2017-11-29 05:34:56', 0, 0, 0, 0),
(54, '2069', '-33.782738', '151.195132', '2017-11-29', '2017-11-29 05:34:56', 0, 0, 0, 0),
(55, '2070', '-33.776157', '151.170092', '2017-11-29', '2017-11-29 05:34:56', 0, 0, 0, 0),
(56, '2071', '-33.762865', '151.167092', '2017-11-29', '2017-11-29 05:34:56', 0, 0, 0, 0),
(57, '2072', '-33.755724', '151.153362', '2017-11-29', '2017-11-29 05:34:56', 0, 0, 0, 0),
(58, '2073', '-33.751607', '151.136642', '2017-11-29', '2017-11-29 05:34:56', 0, 0, 0, 0),
(59, '2074', '-33.711739', '151.138515', '2017-11-29', '2017-11-29 05:34:56', 0, 0, 0, 0),
(60, '2075', '-33.720872', '151.170789', '2017-11-29', '2017-11-29 05:34:56', 0, 0, 0, 0),
(61, '2076', '-33.716337', '151.115718', '2017-11-29', '2017-11-29 05:34:56', 0, 0, 0, 0),
(62, '2077', '-33.67818', '151.100417', '2017-11-29', '2017-11-29 05:34:56', 0, 0, 0, 0),
(63, '2079', '-33.664242', '151.114784', '2017-11-29', '2017-11-29 05:34:56', 0, 0, 0, 0),
(64, '2080', '-33.656655', '151.135834', '2017-11-29', '2017-11-29 05:34:56', 0, 0, 0, 0),
(65, '2081', '-33.594721', '151.193031', '2017-11-29', '2017-11-29 05:34:56', 0, 0, 0, 0),
(66, '2082', '-23.992438', '134.050443', '2017-11-29', '2017-11-29 05:34:56', 0, 0, 0, 0),
(67, '2083', '-23.992438', '134.050443', '2017-11-29', '2017-11-29 05:34:56', 0, 0, 0, 0),
(68, '2084', '-33.669586', '151.212235', '2017-11-29', '2017-11-29 05:34:56', 0, 0, 0, 0),
(69, '2085', '-33.726303', '151.205092', '2017-11-29', '2017-11-29 05:34:56', 0, 0, 0, 0),
(70, '2086', '-33.74821', '151.223217', '2017-11-29', '2017-11-29 05:34:56', 0, 0, 0, 0),
(71, '2087', '-33.766507', '151.215796', '2017-11-29', '2017-11-29 05:34:56', 0, 0, 0, 0),
(72, '2088', '-33.829082', '151.244635', '2017-11-29', '2017-11-29 05:34:56', 0, 0, 0, 0),
(73, '2089', '-33.835945', '151.218829', '2017-11-29', '2017-11-29 05:34:56', 0, 0, 0, 0),
(74, '2090', '-33.829773', '151.22646', '2017-11-29', '2017-11-29 05:34:56', 0, 0, 0, 0),
(75, '2092', '-23.992438', '134.050443', '2017-11-29', '2017-11-29 05:34:56', 0, 0, 0, 0),
(76, '2093', '-33.794063', '151.261576', '2017-11-29', '2017-11-29 05:34:56', 0, 0, 0, 0),
(77, '2094', '-23.992438', '134.050443', '2017-11-29', '2017-11-29 05:34:56', 0, 0, 0, 0),
(78, '2095', '-23.992438', '134.050443', '2017-11-29', '2017-11-29 05:34:56', 0, 0, 0, 0),
(79, '2096', '-33.774214', '151.285974', '2017-11-29', '2017-11-29 05:34:56', 0, 0, 0, 0),
(80, '2097', '-33.734301', '151.29463', '2017-11-29', '2017-11-29 05:34:56', 0, 0, 0, 0),
(81, '2099', '-33.741395', '151.275544', '2017-11-29', '2017-11-29 05:34:56', 0, 0, 0, 0),
(82, '2100', '-33.749552', '151.249078', '2017-11-29', '2017-11-29 05:34:56', 0, 0, 0, 0),
(83, '2101', '-23.992438', '134.050443', '2017-11-29', '2017-11-29 05:34:56', 0, 0, 0, 0),
(84, '2102', '-23.992438', '134.050443', '2017-11-29', '2017-11-29 05:34:56', 0, 0, 0, 0),
(85, '2103', '-23.992438', '134.050443', '2017-11-29', '2017-11-29 05:34:56', 0, 0, 0, 0),
(86, '2104', '-23.992438', '134.050443', '2017-11-29', '2017-11-29 05:34:56', 0, 0, 0, 0),
(87, '2105', '-23.992438', '134.050443', '2017-11-29', '2017-11-29 05:34:56', 0, 0, 0, 0),
(88, '2106', '-23.992438', '134.050443', '2017-11-29', '2017-11-29 05:34:56', 0, 0, 0, 0),
(89, '2107', '-23.992438', '134.050443', '2017-11-29', '2017-11-29 05:34:56', 0, 0, 0, 0),
(90, '2108', '-23.992438', '134.050443', '2017-11-29', '2017-11-29 05:34:56', 0, 0, 0, 0),
(91, '2109', '-33.773886', '151.112447', '2017-11-29', '2017-11-29 05:34:56', 0, 0, 0, 0),
(92, '2110', '-33.831828', '151.148955', '2017-11-29', '2017-11-29 05:34:56', 0, 0, 0, 0),
(93, '2111', '-33.830382', '151.128145', '2017-11-29', '2017-11-29 05:34:56', 0, 0, 0, 0),
(94, '2112', '-33.81194', '151.11001', '2017-11-29', '2017-11-29 05:34:56', 0, 0, 0, 0),
(95, '2113', '-33.791945', '151.131351', '2017-11-29', '2017-11-29 05:34:56', 0, 0, 0, 0),
(96, '2114', '-33.807744', '151.082883', '2017-11-29', '2017-11-29 05:34:56', 0, 0, 0, 0),
(97, '2115', '-33.811457', '151.059742', '2017-11-29', '2017-11-29 05:34:56', 0, 0, 0, 0),
(98, '2116', '-33.812767', '151.041084', '2017-11-29', '2017-11-29 05:34:56', 0, 0, 0, 0),
(99, '2117', '-33.795872', '151.040217', '2017-11-29', '2017-11-29 05:34:56', 0, 0, 0, 0),
(100, '2118', '-33.77579', '151.04517', '2017-11-29', '2017-11-29 05:34:56', 0, 0, 0, 0),
(101, '2119', '-33.754307', '151.065128', '2017-11-29', '2017-11-29 05:34:56', 0, 0, 0, 0),
(102, '2120', '-33.727004', '151.075328', '2017-11-29', '2017-11-29 05:34:56', 0, 0, 0, 0),
(103, '2121', '-33.769215', '151.080828', '2017-11-29', '2017-11-29 05:34:56', 0, 0, 0, 0),
(104, '2122', '-33.782603', '151.09386', '2017-11-29', '2017-11-29 05:34:56', 0, 0, 0, 0),
(105, '2125', '-33.748342', '151.033423', '2017-11-29', '2017-11-29 05:34:56', 0, 0, 0, 0),
(106, '2126', '-33.721972', '151.04607', '2017-11-29', '2017-11-29 05:34:56', 0, 0, 0, 0),
(107, '2127', '-33.839989', '151.067158', '2017-11-29', '2017-11-29 05:34:56', 0, 0, 0, 0),
(108, '2128', '-33.833431', '151.047307', '2017-11-29', '2017-11-29 05:34:56', 0, 0, 0, 0),
(109, '2129', '-33.862503', '151.071523', '2017-11-29', '2017-11-29 05:34:56', 0, 0, 0, 0),
(110, '2130', '-33.892225', '151.137717', '2017-11-29', '2017-11-29 05:34:56', 0, 0, 0, 0),
(111, '2131', '-33.888964', '151.126439', '2017-11-29', '2017-11-29 05:34:56', 0, 0, 0, 0),
(112, '2132', '-33.880397', '151.115519', '2017-11-29', '2017-11-29 05:34:56', 0, 0, 0, 0),
(113, '2133', '-33.897181', '151.103118', '2017-11-29', '2017-11-29 05:34:56', 0, 0, 0, 0),
(114, '2134', '-33.878156', '151.103829', '2017-11-29', '2017-11-29 05:34:56', 0, 0, 0, 0),
(115, '2135', '-33.878639', '151.081841', '2017-11-29', '2017-11-29 05:34:56', 0, 0, 0, 0),
(116, '2136', '-33.893718', '151.082777', '2017-11-29', '2017-11-29 05:34:56', 0, 0, 0, 0),
(117, '2137', '-23.992438', '134.050443', '2017-11-29', '2017-11-29 05:34:56', 0, 0, 0, 0),
(118, '2138', '-23.992438', '134.050443', '2017-11-29', '2017-11-29 05:34:56', 0, 0, 0, 0),
(119, '2139', '-33.838091', '151.096217', '2017-11-29', '2017-11-29 05:34:56', 0, 0, 0, 0),
(120, '2140', '-33.862999', '151.075798', '2017-11-29', '2017-11-29 05:34:56', 0, 0, 0, 0),
(121, '2141', '-33.868059', '151.046398', '2017-11-29', '2017-11-29 05:34:56', 0, 0, 0, 0),
(122, '2142', '-33.835329', '151.018072', '2017-11-29', '2017-11-29 05:34:56', 0, 0, 0, 0),
(123, '2143', '-33.888498', '151.026265', '2017-11-29', '2017-11-29 05:34:56', 0, 0, 0, 0),
(124, '2144', '-33.854791', '151.025729', '2017-11-29', '2017-11-29 05:34:56', 0, 0, 0, 0),
(125, '2145', '-33.814668', '150.953757', '2017-11-29', '2017-11-29 05:34:56', 0, 0, 0, 0),
(126, '2146', '-33.789802', '150.952913', '2017-11-29', '2017-11-29 05:34:56', 0, 0, 0, 0),
(127, '2147', '-33.768039', '150.936662', '2017-11-29', '2017-11-29 05:34:56', 0, 0, 0, 0),
(128, '2148', '-33.774873', '150.901735', '2017-11-29', '2017-11-29 05:34:56', 0, 0, 0, 0),
(129, '2150', '-33.815015', '151.007675', '2017-11-29', '2017-11-29 05:34:56', 0, 0, 0, 0),
(130, '2151', '-33.784138', '151.014419', '2017-11-29', '2017-11-29 05:34:56', 0, 0, 0, 0),
(131, '2152', '-33.787109', '150.994345', '2017-11-29', '2017-11-29 05:34:56', 0, 0, 0, 0),
(132, '2153', '-33.755367', '150.975718', '2017-11-29', '2017-11-29 05:34:56', 0, 0, 0, 0),
(133, '2154', '-33.728157', '150.999842', '2017-11-29', '2017-11-29 05:34:56', 0, 0, 0, 0),
(134, '2155', '-33.694307', '150.939165', '2017-11-29', '2017-11-29 05:34:56', 0, 0, 0, 0),
(135, '2156', '-33.65277', '150.971769', '2017-11-29', '2017-11-29 05:34:56', 0, 0, 0, 0),
(136, '2157', '-33.540082', '151.00942', '2017-11-29', '2017-11-29 05:34:56', 0, 0, 0, 0),
(137, '2158', '-33.675519', '151.035774', '2017-11-29', '2017-11-29 05:34:56', 0, 0, 0, 0),
(138, '2159', '-33.62789', '151.066161', '2017-11-29', '2017-11-29 05:34:56', 0, 0, 0, 0),
(139, '2160', '-33.836447', '150.982638', '2017-11-29', '2017-11-29 05:34:56', 0, 0, 0, 0),
(140, '2161', '-33.857293', '150.981091', '2017-11-29', '2017-11-29 05:34:56', 0, 0, 0, 0),
(141, '2162', '-33.881742', '151.002963', '2017-11-29', '2017-11-29 05:34:56', 0, 0, 0, 0),
(142, '2163', '-33.886951', '150.97826', '2017-11-29', '2017-11-29 05:34:56', 0, 0, 0, 0),
(143, '2164', '-33.845323', '150.918619', '2017-11-29', '2017-11-29 05:34:56', 0, 0, 0, 0),
(144, '2165', '-33.870562', '150.946826', '2017-11-29', '2017-11-29 05:34:56', 0, 0, 0, 0),
(145, '2166', '-33.892819', '150.938497', '2017-11-29', '2017-11-29 05:34:56', 0, 0, 0, 0),
(146, '2167', '-33.971475', '150.893544', '2017-11-29', '2017-11-29 05:34:56', 0, 0, 0, 0),
(147, '2168', '-33.913864', '150.875942', '2017-11-29', '2017-11-29 05:34:56', 0, 0, 0, 0),
(148, '2170', '-33.933314', '150.918733', '2017-11-29', '2017-11-29 05:34:56', 0, 0, 0, 0),
(149, '2171', '-33.920337', '150.841951', '2017-11-29', '2017-11-29 05:34:56', 0, 0, 0, 0),
(150, '2172', '-33.965286', '150.980363', '2017-11-29', '2017-11-29 05:34:56', 0, 0, 0, 0),
(151, '2173', '-34.067306', '150.914121', '2017-11-29', '2017-11-29 05:34:56', 0, 0, 0, 0),
(152, '2174', '-33.960774', '150.856939', '2017-11-29', '2017-11-29 05:34:56', 0, 0, 0, 0),
(153, '2175', '-33.841029', '150.848595', '2017-11-29', '2017-11-29 05:34:56', 0, 0, 0, 0),
(154, '2176', '-33.870942', '150.884093', '2017-11-29', '2017-11-29 05:34:56', 0, 0, 0, 0),
(155, '2177', '-33.892578', '150.881129', '2017-11-29', '2017-11-29 05:34:56', 0, 0, 0, 0),
(156, '2178', '-33.871387', '150.801356', '2017-11-29', '2017-11-29 05:34:56', 0, 0, 0, 0),
(157, '2179', '-33.952205', '150.801475', '2017-11-29', '2017-11-29 05:34:56', 0, 0, 0, 0),
(158, '2190', '-33.901007', '151.055336', '2017-11-29', '2017-11-29 05:34:56', 0, 0, 0, 0),
(159, '2191', '-33.904424', '151.085846', '2017-11-29', '2017-11-29 05:34:56', 0, 0, 0, 0),
(160, '2192', '-33.919015', '151.089351', '2017-11-29', '2017-11-29 05:34:56', 0, 0, 0, 0),
(161, '2193', '-33.908721', '151.120422', '2017-11-29', '2017-11-29 05:34:56', 0, 0, 0, 0),
(162, '2194', '-33.912504', '151.102793', '2017-11-29', '2017-11-29 05:34:56', 0, 0, 0, 0),
(163, '2195', '-33.921017', '151.072885', '2017-11-29', '2017-11-29 05:34:56', 0, 0, 0, 0),
(164, '2196', '-33.93087', '151.060694', '2017-11-29', '2017-11-29 05:34:56', 0, 0, 0, 0),
(165, '2197', '-33.89918', '150.996725', '2017-11-29', '2017-11-29 05:34:56', 0, 0, 0, 0),
(166, '2198', '-33.908792', '150.988517', '2017-11-29', '2017-11-29 05:34:56', 0, 0, 0, 0),
(167, '2199', '-33.904898', '151.019962', '2017-11-29', '2017-11-29 05:34:56', 0, 0, 0, 0),
(168, '2200', '-33.922161', '151.014032', '2017-11-29', '2017-11-29 05:34:56', 0, 0, 0, 0),
(169, '2203', '-33.904104', '151.139448', '2017-11-29', '2017-11-29 05:34:56', 0, 0, 0, 0),
(170, '2204', '-33.911259', '151.155552', '2017-11-29', '2017-11-29 05:34:56', 0, 0, 0, 0),
(171, '2205', '-33.936717', '151.147627', '2017-11-29', '2017-11-29 05:34:56', 0, 0, 0, 0),
(172, '2206', '-33.924808', '151.125869', '2017-11-29', '2017-11-29 05:34:56', 0, 0, 0, 0),
(173, '2207', '-33.947681', '151.120847', '2017-11-29', '2017-11-29 05:34:56', 0, 0, 0, 0),
(174, '2208', '-33.939324', '151.099279', '2017-11-29', '2017-11-29 05:34:56', 0, 0, 0, 0),
(175, '2209', '-33.947583', '151.076848', '2017-11-29', '2017-11-29 05:34:56', 0, 0, 0, 0),
(176, '2210', '-33.962501', '151.052227', '2017-11-29', '2017-11-29 05:34:56', 0, 0, 0, 0),
(177, '2211', '-33.955334', '151.032314', '2017-11-29', '2017-11-29 05:34:56', 0, 0, 0, 0),
(178, '2212', '-33.948966', '151.013802', '2017-11-29', '2017-11-29 05:34:56', 0, 0, 0, 0),
(179, '2213', '-33.962588', '150.999619', '2017-11-29', '2017-11-29 05:34:56', 0, 0, 0, 0),
(180, '2214', '-33.939336', '150.981477', '2017-11-29', '2017-11-29 05:34:56', 0, 0, 0, 0),
(181, '2216', '-33.953085', '151.147188', '2017-11-29', '2017-11-29 05:34:56', 0, 0, 0, 0),
(182, '2217', '-33.973524', '151.137364', '2017-11-29', '2017-11-29 05:34:56', 0, 0, 0, 0),
(183, '2218', '-33.971429', '151.1197', '2017-11-29', '2017-11-29 05:34:56', 0, 0, 0, 0),
(184, '2219', '-33.994323', '151.135747', '2017-11-29', '2017-11-29 05:34:56', 0, 0, 0, 0),
(185, '2220', '-33.964326', '151.09911', '2017-11-29', '2017-11-29 05:34:56', 0, 0, 0, 0),
(186, '2221', '-33.986396', '151.106269', '2017-11-29', '2017-11-29 05:34:56', 0, 0, 0, 0),
(187, '2222', '-33.964295', '151.086796', '2017-11-29', '2017-11-29 05:34:56', 0, 0, 0, 0),
(188, '2223', '-33.977298', '151.073542', '2017-11-29', '2017-11-29 05:34:56', 0, 0, 0, 0),
(189, '2224', '-34.014222', '151.102239', '2017-11-29', '2017-11-29 05:34:56', 0, 0, 0, 0),
(190, '2225', '-34.003707', '151.080014', '2017-11-29', '2017-11-29 05:34:56', 0, 0, 0, 0),
(191, '2226', '-34.010894', '151.062359', '2017-11-29', '2017-11-29 05:34:56', 0, 0, 0, 0),
(192, '2227', '-34.04208', '151.086166', '2017-11-29', '2017-11-29 05:34:56', 0, 0, 0, 0),
(193, '2228', '-34.035866', '151.103412', '2017-11-29', '2017-11-29 05:34:56', 0, 0, 0, 0),
(194, '2229', '-34.044678', '151.12238', '2017-11-29', '2017-11-29 05:34:56', 0, 0, 0, 0),
(195, '2230', '-34.05854', '151.146272', '2017-11-29', '2017-11-29 05:34:56', 0, 0, 0, 0),
(196, '2231', '-34.023448', '151.194523', '2017-11-29', '2017-11-29 05:34:56', 0, 0, 0, 0),
(197, '2232', '-34.03398', '151.061774', '2017-11-29', '2017-11-29 05:34:56', 0, 0, 0, 0),
(198, '2233', '-34.106279', '151.0507', '2017-11-29', '2017-11-29 05:34:56', 0, 0, 0, 0),
(199, '2234', '-34.017233', '151.006176', '2017-11-29', '2017-11-29 05:34:56', 0, 0, 0, 0),
(200, '2250', '-33.314841', '151.218226', '2017-11-29', '2017-11-29 05:34:56', 0, 0, 0, 0),
(201, '2251', '-33.480714', '151.396906', '2017-11-29', '2017-11-29 05:34:56', 0, 0, 0, 0),
(202, '2256', '-33.483887', '151.26075', '2017-11-29', '2017-11-29 05:34:56', 0, 0, 0, 0),
(203, '2257', '-33.516847', '151.343166', '2017-11-29', '2017-11-29 05:34:56', 0, 0, 0, 0),
(204, '2258', '-33.316661', '151.338974', '2017-11-29', '2017-11-29 05:34:56', 0, 0, 0, 0),
(205, '2259', '-33.187024', '151.378186', '2017-11-29', '2017-11-29 05:34:56', 0, 0, 0, 0),
(206, '2260', '-33.428108', '151.437236', '2017-11-29', '2017-11-29 05:34:56', 0, 0, 0, 0),
(207, '2261', '-23.992438', '134.050443', '2017-11-29', '2017-11-29 05:34:56', 0, 0, 0, 0),
(208, '2262', '-33.2084', '151.536635', '2017-11-29', '2017-11-29 05:34:56', 0, 0, 0, 0),
(209, '2263', '-23.992438', '134.050443', '2017-11-29', '2017-11-29 05:34:56', 0, 0, 0, 0),
(210, '2264', '-33.111074', '151.470076', '2017-11-29', '2017-11-29 05:34:56', 0, 0, 0, 0),
(211, '2265', '-33.037588', '151.442429', '2017-11-29', '2017-11-29 05:34:56', 0, 0, 0, 0),
(212, '2267', '-23.992438', '134.050443', '2017-11-29', '2017-11-29 05:34:56', 0, 0, 0, 0),
(213, '2278', '-32.935369', '151.553724', '2017-11-29', '2017-11-29 05:34:56', 0, 0, 0, 0),
(214, '2280', '-33.022736', '151.670217', '2017-11-29', '2017-11-29 05:34:56', 0, 0, 0, 0),
(215, '2281', '-33.126335', '151.628075', '2017-11-29', '2017-11-29 05:34:56', 0, 0, 0, 0),
(216, '2282', '-32.979153', '151.650401', '2017-11-29', '2017-11-29 05:34:56', 0, 0, 0, 0),
(217, '2283', '-33.020024', '151.564463', '2017-11-29', '2017-11-29 05:34:56', 0, 0, 0, 0),
(218, '2284', '-32.956309', '151.608009', '2017-11-29', '2017-11-29 05:34:56', 0, 0, 0, 0),
(219, '2285', '-32.928495', '151.635424', '2017-11-29', '2017-11-29 05:34:56', 0, 0, 0, 0),
(220, '2286', '-32.894215', '151.58395', '2017-11-29', '2017-11-29 05:34:56', 0, 0, 0, 0),
(221, '2287', '-32.89311', '151.648074', '2017-11-29', '2017-11-29 05:34:56', 0, 0, 0, 0),
(222, '2289', '-32.944929', '151.707503', '2017-11-29', '2017-11-29 05:34:56', 0, 0, 0, 0),
(223, '2290', '-32.980279', '151.699717', '2017-11-29', '2017-11-29 05:34:56', 0, 0, 0, 0),
(224, '2291', '-32.947264', '151.74344', '2017-11-29', '2017-11-29 05:34:56', 0, 0, 0, 0),
(225, '2292', '-32.921825', '151.735079', '2017-11-29', '2017-11-29 05:34:56', 0, 0, 0, 0),
(226, '2293', '-32.915084', '151.755736', '2017-11-29', '2017-11-29 05:34:56', 0, 0, 0, 0),
(227, '2294', '-32.912563', '151.765179', '2017-11-29', '2017-11-29 05:34:56', 0, 0, 0, 0),
(228, '2295', '-32.87456', '151.806214', '2017-11-29', '2017-11-29 05:34:56', 0, 0, 0, 0),
(229, '2296', '-32.91388', '151.747389', '2017-11-29', '2017-11-29 05:34:56', 0, 0, 0, 0),
(230, '2297', '-32.907318', '151.7509', '2017-11-29', '2017-11-29 05:34:56', 0, 0, 0, 0),
(231, '2298', '-32.903602', '151.72019', '2017-11-29', '2017-11-29 05:34:56', 0, 0, 0, 0),
(232, '2299', '-32.908428', '151.70398', '2017-11-29', '2017-11-29 05:34:56', 0, 0, 0, 0),
(233, '2300', '-32.930742', '151.775436', '2017-11-29', '2017-11-29 05:34:56', 0, 0, 0, 0),
(234, '2302', '-32.928021', '151.760289', '2017-11-29', '2017-11-29 05:34:56', 0, 0, 0, 0),
(235, '2303', '-32.927559', '151.747197', '2017-11-29', '2017-11-29 05:34:56', 0, 0, 0, 0),
(236, '2304', '-32.873502', '151.739677', '2017-11-29', '2017-11-29 05:34:56', 0, 0, 0, 0),
(237, '2305', '-32.926062', '151.702882', '2017-11-29', '2017-11-29 05:34:56', 0, 0, 0, 0),
(238, '2306', '-32.991025', '151.680257', '2017-11-29', '2017-11-29 05:34:56', 0, 0, 0, 0),
(239, '2307', '-32.878834', '151.691047', '2017-11-29', '2017-11-29 05:34:56', 0, 0, 0, 0),
(240, '2308', '-32.892047', '151.705315', '2017-11-29', '2017-11-29 05:34:56', 0, 0, 0, 0),
(241, '2311', '-32.258083', '151.461175', '2017-11-29', '2017-11-29 05:34:56', 0, 0, 0, 0),
(242, '2312', '-32.11988', '152.394425', '2017-11-29', '2017-11-29 05:34:56', 0, 0, 0, 0),
(243, '2314', '-23.992438', '134.050443', '2017-11-29', '2017-11-29 05:34:56', 0, 0, 0, 0),
(244, '2315', '-32.737793', '152.149661', '2017-11-29', '2017-11-29 05:34:56', 0, 0, 0, 0),
(245, '2316', '-32.771381', '152.041732', '2017-11-29', '2017-11-29 05:34:56', 0, 0, 0, 0),
(246, '2317', '-23.992438', '134.050443', '2017-11-29', '2017-11-29 05:34:56', 0, 0, 0, 0),
(247, '2318', '-32.751863', '151.873897', '2017-11-29', '2017-11-29 05:34:56', 0, 0, 0, 0),
(248, '2319', '-32.744259', '152.001981', '2017-11-29', '2017-11-29 05:34:56', 0, 0, 0, 0),
(249, '2320', '-32.708982', '151.430314', '2017-11-29', '2017-11-29 05:34:56', 0, 0, 0, 0),
(250, '2321', '-32.644113', '151.632171', '2017-11-29', '2017-11-29 05:34:56', 0, 0, 0, 0),
(251, '2322', '-32.820636', '151.682476', '2017-11-29', '2017-11-29 05:34:56', 0, 0, 0, 0),
(252, '2323', '-32.847162', '151.542563', '2017-11-29', '2017-11-29 05:34:56', 0, 0, 0, 0),
(253, '2324', '-32.65494', '151.916444', '2017-11-29', '2017-11-29 05:34:56', 0, 0, 0, 0),
(254, '2325', '-32.962426', '151.164166', '2017-11-29', '2017-11-29 05:34:56', 0, 0, 0, 0),
(255, '2326', '-32.784869', '151.453196', '2017-11-29', '2017-11-29 05:34:56', 0, 0, 0, 0),
(256, '2327', '-32.829593', '151.481673', '2017-11-29', '2017-11-29 05:34:56', 0, 0, 0, 0),
(257, '2328', '-32.542661', '150.526755', '2017-11-29', '2017-11-29 05:34:56', 0, 0, 0, 0),
(258, '2329', '-32.070555', '150.213564', '2017-11-29', '2017-11-29 05:34:56', 0, 0, 0, 0),
(259, '2330', '-32.629258', '151.004557', '2017-11-29', '2017-11-29 05:34:56', 0, 0, 0, 0),
(260, '2333', '-32.261899', '150.809628', '2017-11-29', '2017-11-29 05:34:56', 0, 0, 0, 0),
(261, '2334', '-32.675822', '151.392434', '2017-11-29', '2017-11-29 05:34:56', 0, 0, 0, 0),
(262, '2335', '-32.609845', '151.382264', '2017-11-29', '2017-11-29 05:34:56', 0, 0, 0, 0),
(263, '2336', '-32.133373', '151.074708', '2017-11-29', '2017-11-29 05:34:56', 0, 0, 0, 0),
(264, '2337', '-31.966913', '150.971939', '2017-11-29', '2017-11-29 05:34:56', 0, 0, 0, 0),
(265, '2338', '-31.742344', '151.154195', '2017-11-29', '2017-11-29 05:34:56', 0, 0, 0, 0),
(266, '2339', '-31.738545', '150.537227', '2017-11-29', '2017-11-29 05:34:56', 0, 0, 0, 0),
(267, '2340', '-31.255212', '150.987457', '2017-11-29', '2017-11-29 05:34:56', 0, 0, 0, 0),
(268, '2341', '-31.375313', '150.659515', '2017-11-29', '2017-11-29 05:34:56', 0, 0, 0, 0),
(269, '2342', '-31.132359', '150.556283', '2017-11-29', '2017-11-29 05:34:56', 0, 0, 0, 0),
(270, '2343', '-31.515253', '150.446488', '2017-11-29', '2017-11-29 05:34:56', 0, 0, 0, 0),
(271, '2344', '-31.148422', '150.750262', '2017-11-29', '2017-11-29 05:34:56', 0, 0, 0, 0),
(272, '2345', '-30.873951', '150.812428', '2017-11-29', '2017-11-29 05:34:56', 0, 0, 0, 0),
(273, '2346', '-30.612325', '150.57979', '2017-11-29', '2017-11-29 05:34:56', 0, 0, 0, 0),
(274, '2347', '-30.331069', '150.558721', '2017-11-29', '2017-11-29 05:34:56', 0, 0, 0, 0),
(275, '2350', '-30.40199', '151.964749', '2017-11-29', '2017-11-29 05:34:56', 0, 0, 0, 0),
(276, '2351', '-30.490139', '151.640746', '2017-11-29', '2017-11-29 05:34:56', 0, 0, 0, 0),
(277, '2352', '-31.117877', '151.200409', '2017-11-29', '2017-11-29 05:34:56', 0, 0, 0, 0),
(278, '2353', '-30.949541', '151.047955', '2017-11-29', '2017-11-29 05:34:56', 0, 0, 0, 0),
(279, '2354', '-31.146712', '151.735403', '2017-11-29', '2017-11-29 05:34:56', 0, 0, 0, 0),
(280, '2355', '-23.992438', '134.050443', '2017-11-29', '2017-11-29 05:34:56', 0, 0, 0, 0),
(281, '2357', '-31.256412', '149.503807', '2017-11-29', '2017-11-29 05:34:56', 0, 0, 0, 0),
(282, '2358', '-30.549155', '151.367181', '2017-11-29', '2017-11-29 05:34:56', 0, 0, 0, 0),
(283, '2359', '-30.158989', '151.111761', '2017-11-29', '2017-11-29 05:34:56', 0, 0, 0, 0),
(284, '2360', '-29.702025', '151.073668', '2017-11-29', '2017-11-29 05:34:56', 0, 0, 0, 0),
(285, '2361', '-29.274251', '151.237317', '2017-11-29', '2017-11-29 05:34:56', 0, 0, 0, 0),
(286, '2365', '-30.074977', '151.801193', '2017-11-29', '2017-11-29 05:34:56', 0, 0, 0, 0),
(287, '2369', '-30.034211', '151.303847', '2017-11-29', '2017-11-29 05:34:56', 0, 0, 0, 0),
(288, '2370', '-29.591866', '151.908315', '2017-11-29', '2017-11-29 05:34:56', 0, 0, 0, 0),
(289, '2371', '-29.468206', '151.763812', '2017-11-29', '2017-11-29 05:34:56', 0, 0, 0, 0),
(290, '2372', '-23.992438', '134.050443', '2017-11-29', '2017-11-29 05:34:56', 0, 0, 0, 0),
(291, '2380', '-30.880668', '150.167924', '2017-11-29', '2017-11-29 05:34:56', 0, 0, 0, 0),
(292, '2381', '-31.326396', '150.121119', '2017-11-29', '2017-11-29 05:34:56', 0, 0, 0, 0),
(293, '2382', '-30.68232', '150.078622', '2017-11-29', '2017-11-29 05:34:56', 0, 0, 0, 0),
(294, '2386', '-30.036594', '148.792893', '2017-11-29', '2017-11-29 05:34:56', 0, 0, 0, 0),
(295, '2388', '-30.382309', '149.32342', '2017-11-29', '2017-11-29 05:34:56', 0, 0, 0, 0),
(296, '2390', '-30.3569', '149.92283', '2017-11-29', '2017-11-29 05:34:56', 0, 0, 0, 0),
(297, '2395', '-31.644929', '149.355832', '2017-11-29', '2017-11-29 05:34:56', 0, 0, 0, 0),
(298, '2396', '-30.956705', '149.043464', '2017-11-29', '2017-11-29 05:34:56', 0, 0, 0, 0),
(299, '2397', '-29.992924', '149.755763', '2017-11-29', '2017-11-29 05:34:56', 0, 0, 0, 0),
(300, '2399', '-29.782747', '150.01019', '2017-11-29', '2017-11-29 05:34:56', 0, 0, 0, 0),
(301, '2400', '-29.399237', '149.575673', '2017-11-29', '2017-11-29 05:34:56', 0, 0, 0, 0),
(302, '2401', '-29.608283', '150.333585', '2017-11-29', '2017-11-29 05:34:56', 0, 0, 0, 0),
(303, '2402', '-29.366015', '150.578265', '2017-11-29', '2017-11-29 05:34:56', 0, 0, 0, 0),
(304, '2403', '-29.65494', '150.814341', '2017-11-29', '2017-11-29 05:34:56', 0, 0, 0, 0),
(305, '2404', '-29.934535', '150.552233', '2017-11-29', '2017-11-29 05:34:56', 0, 0, 0, 0),
(306, '2405', '-28.906897', '149.622849', '2017-11-29', '2017-11-29 05:34:56', 0, 0, 0, 0),
(307, '2406', '-29.026054', '149.136326', '2017-11-29', '2017-11-29 05:34:56', 0, 0, 0, 0),
(308, '2408', '-23.992438', '134.050443', '2017-11-29', '2017-11-29 05:34:56', 0, 0, 0, 0),
(309, '2409', '-28.740491', '150.162476', '2017-11-29', '2017-11-29 05:34:56', 0, 0, 0, 0),
(310, '2410', '-28.913301', '150.87467', '2017-11-29', '2017-11-29 05:34:56', 0, 0, 0, 0),
(311, '2415', '-32.240494', '151.820503', '2017-11-29', '2017-11-29 05:34:56', 0, 0, 0, 0),
(312, '2420', '-23.992438', '134.050443', '2017-11-29', '2017-11-29 05:34:56', 0, 0, 0, 0),
(313, '2421', '-32.538016', '151.550329', '2017-11-29', '2017-11-29 05:34:56', 0, 0, 0, 0),
(314, '2422', '-31.929095', '151.82268', '2017-11-29', '2017-11-29 05:34:56', 0, 0, 0, 0),
(315, '2423', '-32.381603', '152.233013', '2017-11-29', '2017-11-29 05:34:56', 0, 0, 0, 0),
(316, '2424', '-31.649975', '152.057264', '2017-11-29', '2017-11-29 05:34:56', 0, 0, 0, 0),
(317, '2425', '-32.408767', '151.981839', '2017-11-29', '2017-11-29 05:34:56', 0, 0, 0, 0),
(318, '2426', '-31.814428', '152.602735', '2017-11-29', '2017-11-29 05:34:56', 0, 0, 0, 0),
(319, '2427', '-31.859645', '152.676512', '2017-11-29', '2017-11-29 05:34:56', 0, 0, 0, 0),
(320, '2428', '-23.992438', '134.050443', '2017-11-29', '2017-11-29 05:34:56', 0, 0, 0, 0),
(321, '2429', '-31.819713', '152.304119', '2017-11-29', '2017-11-29 05:34:56', 0, 0, 0, 0),
(322, '2430', '-31.892576', '152.486772', '2017-11-29', '2017-11-29 05:34:56', 0, 0, 0, 0),
(323, '2431', '-30.914464', '153.04935', '2017-11-29', '2017-11-29 05:34:56', 0, 0, 0, 0),
(324, '2439', '-31.633936', '152.632423', '2017-11-29', '2017-11-29 05:34:56', 0, 0, 0, 0),
(325, '2440', '-30.920497', '152.570482', '2017-11-29', '2017-11-29 05:34:56', 0, 0, 0, 0),
(326, '2441', '-31.024366', '152.805472', '2017-11-29', '2017-11-29 05:34:56', 0, 0, 0, 0),
(327, '2443', '-31.685489', '152.708235', '2017-11-29', '2017-11-29 05:34:56', 0, 0, 0, 0),
(328, '2444', '-31.392611', '152.877618', '2017-11-29', '2017-11-29 05:34:56', 0, 0, 0, 0),
(329, '2445', '-31.578139', '152.826271', '2017-11-29', '2017-11-29 05:34:56', 0, 0, 0, 0),
(330, '2446', '-31.376511', '152.44202', '2017-11-29', '2017-11-29 05:34:56', 0, 0, 0, 0),
(331, '2447', '-30.728355', '152.783213', '2017-11-29', '2017-11-29 05:34:56', 0, 0, 0, 0),
(332, '2448', '-30.602198', '152.961012', '2017-11-29', '2017-11-29 05:34:56', 0, 0, 0, 0),
(333, '2449', '-30.610984', '152.718723', '2017-11-29', '2017-11-29 05:34:56', 0, 0, 0, 0),
(334, '2450', '-30.189816', '152.994896', '2017-11-29', '2017-11-29 05:34:56', 0, 0, 0, 0),
(335, '2452', '-30.355402', '153.086997', '2017-11-29', '2017-11-29 05:34:56', 0, 0, 0, 0),
(336, '2453', '-30.212289', '152.574981', '2017-11-29', '2017-11-29 05:34:56', 0, 0, 0, 0),
(337, '2454', '-30.447513', '152.740953', '2017-11-29', '2017-11-29 05:34:56', 0, 0, 0, 0),
(338, '2455', '-30.521334', '152.992992', '2017-11-29', '2017-11-29 05:34:56', 0, 0, 0, 0),
(339, '2456', '-30.068031', '153.153296', '2017-11-29', '2017-11-29 05:34:56', 0, 0, 0, 0),
(340, '2460', '-29.694802', '152.723753', '2017-11-29', '2017-11-29 05:34:56', 0, 0, 0, 0),
(341, '2462', '-29.69337', '153.156341', '2017-11-29', '2017-11-29 05:34:56', 0, 0, 0, 0),
(342, '2463', '-29.447455', '153.188841', '2017-11-29', '2017-11-29 05:34:56', 0, 0, 0, 0),
(343, '2464', '-29.556019', '153.312014', '2017-11-29', '2017-11-29 05:34:56', 0, 0, 0, 0),
(344, '2465', '-29.413768', '153.247189', '2017-11-29', '2017-11-29 05:34:56', 0, 0, 0, 0),
(345, '2466', '-29.40588', '153.353361', '2017-11-29', '2017-11-29 05:34:56', 0, 0, 0, 0),
(346, '2469', '-29.031289', '152.641825', '2017-11-29', '2017-11-29 05:34:56', 0, 0, 0, 0),
(347, '2470', '-28.853349', '152.934759', '2017-11-29', '2017-11-29 05:34:56', 0, 0, 0, 0),
(348, '2471', '-29.031437', '153.222962', '2017-11-29', '2017-11-29 05:34:56', 0, 0, 0, 0),
(349, '2472', '-29.152015', '153.311279', '2017-11-29', '2017-11-29 05:34:56', 0, 0, 0, 0),
(350, '2473', '-29.098381', '153.389759', '2017-11-29', '2017-11-29 05:34:56', 0, 0, 0, 0),
(351, '2474', '-28.507047', '152.937718', '2017-11-29', '2017-11-29 05:34:56', 0, 0, 0, 0),
(352, '2475', '-28.452068', '152.443616', '2017-11-29', '2017-11-29 05:34:56', 0, 0, 0, 0),
(353, '2476', '-28.473684', '152.346381', '2017-11-29', '2017-11-29 05:34:56', 0, 0, 0, 0),
(354, '2477', '-28.887147', '153.430908', '2017-11-29', '2017-11-29 05:34:56', 0, 0, 0, 0),
(355, '2478', '-28.850966', '153.528199', '2017-11-29', '2017-11-29 05:34:56', 0, 0, 0, 0),
(356, '2479', '-28.704416', '153.515075', '2017-11-29', '2017-11-29 05:34:56', 0, 0, 0, 0),
(357, '2480', '-23.992438', '134.050443', '2017-11-29', '2017-11-29 05:34:56', 0, 0, 0, 0),
(358, '2481', '-28.635521', '153.558529', '2017-11-29', '2017-11-29 05:34:56', 0, 0, 0, 0),
(359, '2482', '-28.550884', '153.423551', '2017-11-29', '2017-11-29 05:34:56', 0, 0, 0, 0),
(360, '2483', '-28.467805', '153.493939', '2017-11-29', '2017-11-29 05:34:56', 0, 0, 0, 0),
(361, '2484', '-28.377281', '153.311637', '2017-11-29', '2017-11-29 05:34:56', 0, 0, 0, 0),
(362, '2485', '-28.180666', '153.514427', '2017-11-29', '2017-11-29 05:34:56', 0, 0, 0, 0),
(363, '2486', '-28.222474', '153.461272', '2017-11-29', '2017-11-29 05:34:56', 0, 0, 0, 0),
(364, '2487', '-28.274468', '153.546971', '2017-11-29', '2017-11-29 05:34:56', 0, 0, 0, 0),
(365, '2488', '-28.333433', '153.56943', '2017-11-29', '2017-11-29 05:34:56', 0, 0, 0, 0),
(366, '2489', '-28.378528', '153.56261', '2017-11-29', '2017-11-29 05:34:56', 0, 0, 0, 0),
(367, '2490', '-28.258576', '153.471583', '2017-11-29', '2017-11-29 05:34:56', 0, 0, 0, 0),
(368, '2500', '-34.422426', '150.881012', '2017-11-29', '2017-11-29 05:34:56', 0, 0, 0, 0),
(369, '2502', '-34.489093', '150.880328', '2017-11-29', '2017-11-29 05:34:56', 0, 0, 0, 0),
(370, '2505', '-34.466171', '150.889302', '2017-11-29', '2017-11-29 05:34:56', 0, 0, 0, 0),
(371, '2506', '-34.477741', '150.845559', '2017-11-29', '2017-11-29 05:34:56', 0, 0, 0, 0),
(372, '2508', '-34.187215', '150.953446', '2017-11-29', '2017-11-29 05:34:56', 0, 0, 0, 0),
(373, '2515', '-34.294946', '150.933346', '2017-11-29', '2017-11-29 05:34:56', 0, 0, 0, 0),
(374, '2516', '-34.331509', '150.914033', '2017-11-29', '2017-11-29 05:34:56', 0, 0, 0, 0),
(375, '2517', '-34.344065', '150.899987', '2017-11-29', '2017-11-29 05:34:56', 0, 0, 0, 0),
(376, '2518', '-34.37256', '150.897928', '2017-11-29', '2017-11-29 05:34:56', 0, 0, 0, 0),
(377, '2519', '-34.392209', '150.88227', '2017-11-29', '2017-11-29 05:34:56', 0, 0, 0, 0),
(378, '2525', '-34.42104', '150.849306', '2017-11-29', '2017-11-29 05:34:56', 0, 0, 0, 0),
(379, '2526', '-34.451794', '150.8058', '2017-11-29', '2017-11-29 05:34:56', 0, 0, 0, 0),
(380, '2527', '-34.575597', '150.725659', '2017-11-29', '2017-11-29 05:34:56', 0, 0, 0, 0),
(381, '2528', '-34.542062', '150.862612', '2017-11-29', '2017-11-29 05:34:56', 0, 0, 0, 0),
(382, '2529', '-34.597869', '150.831402', '2017-11-29', '2017-11-29 05:34:56', 0, 0, 0, 0),
(383, '2530', '-34.513461', '150.761071', '2017-11-29', '2017-11-29 05:34:56', 0, 0, 0, 0),
(384, '2533', '-34.669281', '150.756487', '2017-11-29', '2017-11-29 05:34:56', 0, 0, 0, 0),
(385, '2534', '-34.740139', '150.778509', '2017-11-29', '2017-11-29 05:34:56', 0, 0, 0, 0),
(386, '2535', '-23.992438', '134.050443', '2017-11-29', '2017-11-29 05:34:56', 0, 0, 0, 0),
(387, '2536', '-35.663479', '150.09917', '2017-11-29', '2017-11-29 05:34:56', 0, 0, 0, 0),
(388, '2537', '-35.912816', '150.074286', '2017-11-29', '2017-11-29 05:34:56', 0, 0, 0, 0),
(389, '2538', '-35.423088', '150.299174', '2017-11-29', '2017-11-29 05:34:56', 0, 0, 0, 0),
(390, '2539', '-35.356867', '150.416364', '2017-11-29', '2017-11-29 05:34:56', 0, 0, 0, 0),
(391, '2540', '-35.009472', '150.59464', '2017-11-29', '2017-11-29 05:34:56', 0, 0, 0, 0),
(392, '2541', '-34.869052', '150.583757', '2017-11-29', '2017-11-29 05:34:56', 0, 0, 0, 0),
(393, '2545', '-36.172948', '149.76899', '2017-11-29', '2017-11-29 05:34:56', 0, 0, 0, 0),
(394, '2546', '-36.318789', '150.045868', '2017-11-29', '2017-11-29 05:34:56', 0, 0, 0, 0),
(395, '2548', '-36.875456', '149.917982', '2017-11-29', '2017-11-29 05:34:56', 0, 0, 0, 0),
(396, '2549', '-36.992564', '149.83154', '2017-11-29', '2017-11-29 05:34:56', 0, 0, 0, 0),
(397, '2550', '-36.723267', '149.74452', '2017-11-29', '2017-11-29 05:34:56', 0, 0, 0, 0),
(398, '2551', '-37.219729', '149.689225', '2017-11-29', '2017-11-29 05:34:56', 0, 0, 0, 0),
(399, '2555', '-33.890747', '150.742654', '2017-11-29', '2017-11-29 05:34:56', 0, 0, 0, 0),
(400, '2556', '-33.927356', '150.727951', '2017-11-29', '2017-11-29 05:34:56', 0, 0, 0, 0),
(401, '2557', '-33.971066', '150.771834', '2017-11-29', '2017-11-29 05:34:56', 0, 0, 0, 0),
(402, '2558', '-34.029793', '150.80771', '2017-11-29', '2017-11-29 05:34:56', 0, 0, 0, 0),
(403, '2559', '-34.044468', '150.796836', '2017-11-29', '2017-11-29 05:34:56', 0, 0, 0, 0),
(404, '2560', '-34.154932', '150.808012', '2017-11-29', '2017-11-29 05:34:56', 0, 0, 0, 0),
(405, '2563', '-34.104179', '150.743651', '2017-11-29', '2017-11-29 05:34:56', 0, 0, 0, 0),
(406, '2564', '-33.996353', '150.894056', '2017-11-29', '2017-11-29 05:34:56', 0, 0, 0, 0),
(407, '2565', '-33.990101', '150.850178', '2017-11-29', '2017-11-29 05:34:56', 0, 0, 0, 0),
(408, '2566', '-34.022063', '150.839601', '2017-11-29', '2017-11-29 05:34:56', 0, 0, 0, 0),
(409, '2567', '-34.045962', '150.751154', '2017-11-29', '2017-11-29 05:34:56', 0, 0, 0, 0),
(410, '2568', '-34.149708', '150.703467', '2017-11-29', '2017-11-29 05:34:56', 0, 0, 0, 0),
(411, '2569', '-34.136426', '150.726306', '2017-11-29', '2017-11-29 05:34:56', 0, 0, 0, 0),
(412, '2570', '-34.047429', '150.595164', '2017-11-29', '2017-11-29 05:34:56', 0, 0, 0, 0),
(413, '2571', '-34.221879', '150.606198', '2017-11-29', '2017-11-29 05:34:56', 0, 0, 0, 0),
(414, '2572', '-34.187599', '150.511152', '2017-11-29', '2017-11-29 05:34:56', 0, 0, 0, 0),
(415, '2573', '-34.230042', '150.590821', '2017-11-29', '2017-11-29 05:34:56', 0, 0, 0, 0),
(416, '2574', '-34.361371', '150.705787', '2017-11-29', '2017-11-29 05:34:56', 0, 0, 0, 0),
(417, '2575', '-34.346934', '150.348624', '2017-11-29', '2017-11-29 05:34:56', 0, 0, 0, 0),
(418, '2576', '-34.520203', '150.508989', '2017-11-29', '2017-11-29 05:34:56', 0, 0, 0, 0),
(419, '2577', '-34.607336', '150.350069', '2017-11-29', '2017-11-29 05:34:56', 0, 0, 0, 0),
(420, '2578', '-34.6581', '150.297671', '2017-11-29', '2017-11-29 05:34:56', 0, 0, 0, 0),
(421, '2579', '-34.715635', '150.063033', '2017-11-29', '2017-11-29 05:34:56', 0, 0, 0, 0),
(422, '2580', '-34.706695', '149.772809', '2017-11-29', '2017-11-29 05:34:56', 0, 0, 0, 0),
(423, '2581', '-34.740157', '149.254344', '2017-11-29', '2017-11-29 05:34:56', 0, 0, 0, 0),
(424, '2582', '-23.992438', '134.050443', '2017-11-29', '2017-11-29 05:34:56', 0, 0, 0, 0),
(425, '2583', '-34.25015', '149.329094', '2017-11-29', '2017-11-29 05:34:56', 0, 0, 0, 0),
(426, '2584', '-34.672157', '148.660924', '2017-11-29', '2017-11-29 05:34:56', 0, 0, 0, 0),
(427, '2585', '-34.60231', '148.514544', '2017-11-29', '2017-11-29 05:34:56', 0, 0, 0, 0),
(428, '2586', '-34.293221', '148.817174', '2017-11-29', '2017-11-29 05:34:56', 0, 0, 0, 0),
(429, '2587', '-34.546956', '148.326923', '2017-11-29', '2017-11-29 05:34:56', 0, 0, 0, 0),
(430, '2588', '-34.514128', '148.11893', '2017-11-29', '2017-11-29 05:34:56', 0, 0, 0, 0),
(431, '2590', '-23.992438', '134.050443', '2017-11-29', '2017-11-29 05:34:56', 0, 0, 0, 0),
(432, '2594', '-34.246114', '148.136012', '2017-11-29', '2017-11-29 05:34:56', 0, 0, 0, 0),
(433, '2600', '-35.305292', '149.113596', '2017-11-29', '2017-11-29 05:34:56', 0, 0, 0, 0),
(434, '2601', '-35.280736', '149.121473', '2017-11-29', '2017-11-29 05:34:56', 0, 0, 0, 0),
(435, '2602', '-35.248101', '149.138563', '2017-11-29', '2017-11-29 05:34:56', 0, 0, 0, 0),
(436, '2603', '-35.328196', '149.126264', '2017-11-29', '2017-11-29 05:34:56', 0, 0, 0, 0),
(437, '2604', '-35.330487', '149.148561', '2017-11-29', '2017-11-29 05:34:56', 0, 0, 0, 0),
(438, '2605', '-23.992438', '134.050443', '2017-11-29', '2017-11-29 05:34:56', 0, 0, 0, 0),
(439, '2606', '-23.992438', '134.050443', '2017-11-29', '2017-11-29 05:34:56', 0, 0, 0, 0),
(440, '2607', '-35.368552', '149.10109', '2017-11-29', '2017-11-29 05:34:56', 0, 0, 0, 0),
(441, '2609', '-35.296534', '149.195284', '2017-11-29', '2017-11-29 05:34:56', 0, 0, 0, 0),
(442, '2611', '-35.382719', '148.961824', '2017-11-29', '2017-11-29 05:34:56', 0, 0, 0, 0),
(443, '2612', '-35.284205', '149.14692', '2017-11-29', '2017-11-29 05:34:56', 0, 0, 0, 0),
(444, '2614', '-35.249096', '149.054882', '2017-11-29', '2017-11-29 05:34:56', 0, 0, 0, 0),
(445, '2615', '-35.23795', '149.03535', '2017-11-29', '2017-11-29 05:34:56', 0, 0, 0, 0),
(446, '2617', '-35.22842', '149.088005', '2017-11-29', '2017-11-29 05:34:56', 0, 0, 0, 0),
(447, '2618', '-35.092384', '149.064442', '2017-11-29', '2017-11-29 05:34:56', 0, 0, 0, 0),
(448, '2619', '-35.384408', '149.202477', '2017-11-29', '2017-11-29 05:34:56', 0, 0, 0, 0),
(449, '2620', '-35.496058', '149.101703', '2017-11-29', '2017-11-29 05:34:56', 0, 0, 0, 0),
(450, '2621', '-35.367165', '149.434481', '2017-11-29', '2017-11-29 05:34:56', 0, 0, 0, 0),
(451, '2622', '-35.328559', '149.96522', '2017-11-29', '2017-11-29 05:34:56', 0, 0, 0, 0),
(452, '2623', '-35.683958', '149.389819', '2017-11-29', '2017-11-29 05:34:56', 0, 0, 0, 0),
(453, '2625', '-36.503393', '148.30582', '2017-11-29', '2017-11-29 05:34:56', 0, 0, 0, 0),
(454, '2626', '-35.935664', '149.17772', '2017-11-29', '2017-11-29 05:34:56', 0, 0, 0, 0),
(455, '2627', '-36.402806', '148.5617', '2017-11-29', '2017-11-29 05:34:56', 0, 0, 0, 0),
(456, '2628', '-36.321216', '148.752012', '2017-11-29', '2017-11-29 05:34:56', 0, 0, 0, 0),
(457, '2629', '-36.069715', '148.820945', '2017-11-29', '2017-11-29 05:34:56', 0, 0, 0, 0),
(458, '2630', '-36.160511', '149.212979', '2017-11-29', '2017-11-29 05:34:56', 0, 0, 0, 0),
(459, '2631', '-36.62539', '149.277487', '2017-11-29', '2017-11-29 05:34:56', 0, 0, 0, 0),
(460, '2632', '-36.881261', '149.185833', '2017-11-29', '2017-11-29 05:34:56', 0, 0, 0, 0),
(461, '2633', '-36.910508', '148.772702', '2017-11-29', '2017-11-29 05:34:56', 0, 0, 0, 0),
(462, '2640', '-36.000217', '146.88038', '2017-11-29', '2017-11-29 05:34:56', 0, 0, 0, 0),
(463, '2641', '-36.033127', '146.920355', '2017-11-29', '2017-11-29 05:34:56', 0, 0, 0, 0),
(464, '2642', '-35.627653', '146.867355', '2017-11-29', '2017-11-29 05:34:56', 0, 0, 0, 0),
(465, '2643', '-35.955867', '146.624979', '2017-11-29', '2017-11-29 05:34:56', 0, 0, 0, 0),
(466, '2644', '-35.773839', '147.4421', '2017-11-29', '2017-11-29 05:34:56', 0, 0, 0, 0),
(467, '2645', '-35.330323', '146.276432', '2017-11-29', '2017-11-29 05:34:56', 0, 0, 0, 0),
(468, '2646', '-35.816312', '146.23874', '2017-11-29', '2017-11-29 05:34:56', 0, 0, 0, 0),
(469, '2647', '-35.983784', '145.991129', '2017-11-29', '2017-11-29 05:34:56', 0, 0, 0, 0),
(470, '2648', '-33.565544', '142.243844', '2017-11-29', '2017-11-29 05:34:56', 0, 0, 0, 0),
(471, '2649', '-36.171193', '148.263557', '2017-11-29', '2017-11-29 05:34:56', 0, 0, 0, 0),
(472, '2650', '-35.123565', '147.398802', '2017-11-29', '2017-11-29 05:34:56', 0, 0, 0, 0),
(473, '2651', '-35.146081', '147.463338', '2017-11-29', '2017-11-29 05:34:56', 0, 0, 0, 0),
(474, '2652', '-34.629433', '146.505224', '2017-11-29', '2017-11-29 05:34:56', 0, 0, 0, 0),
(475, '2653', '-35.732706', '147.96063', '2017-11-29', '2017-11-29 05:34:56', 0, 0, 0, 0),
(476, '2655', '-35.271551', '147.104024', '2017-11-29', '2017-11-29 05:34:56', 0, 0, 0, 0),
(477, '2656', '-23.992438', '134.050443', '2017-11-29', '2017-11-29 05:34:56', 0, 0, 0, 0),
(478, '2658', '-23.992438', '134.050443', '2017-11-29', '2017-11-29 05:34:56', 0, 0, 0, 0),
(479, '2659', '-35.753209', '146.878434', '2017-11-29', '2017-11-29 05:34:56', 0, 0, 0, 0),
(480, '2660', '-35.660798', '147.117757', '2017-11-29', '2017-11-29 05:34:56', 0, 0, 0, 0),
(481, '2661', '-35.156934', '147.284391', '2017-11-29', '2017-11-29 05:34:56', 0, 0, 0, 0),
(482, '2663', '-34.865491', '147.580721', '2017-11-29', '2017-11-29 05:34:56', 0, 0, 0, 0),
(483, '2665', '-23.992438', '134.050443', '2017-11-29', '2017-11-29 05:34:56', 0, 0, 0, 0),
(484, '2666', '-34.357995', '147.587097', '2017-11-29', '2017-11-29 05:34:56', 0, 0, 0, 0),
(485, '2668', '-23.992438', '134.050443', '2017-11-29', '2017-11-29 05:34:56', 0, 0, 0, 0),
(486, '2669', '-33.773635', '146.605609', '2017-11-29', '2017-11-29 05:34:56', 0, 0, 0, 0),
(487, '2671', '-33.87128', '147.337444', '2017-11-29', '2017-11-29 05:34:56', 0, 0, 0, 0),
(488, '2672', '-33.378642', '146.328345', '2017-11-29', '2017-11-29 05:34:56', 0, 0, 0, 0),
(489, '2675', '-33.266887', '145.501996', '2017-11-29', '2017-11-29 05:34:56', 0, 0, 0, 0),
(490, '2678', '-35.059398', '147.3542', '2017-11-29', '2017-11-29 05:34:56', 0, 0, 0, 0),
(491, '2680', '-34.312651', '145.972947', '2017-11-29', '2017-11-29 05:34:56', 0, 0, 0, 0),
(492, '2681', '-34.200071', '146.149402', '2017-11-29', '2017-11-29 05:34:56', 0, 0, 0, 0),
(493, '2700', '-34.844522', '146.490985', '2017-11-29', '2017-11-29 05:34:56', 0, 0, 0, 0),
(494, '2701', '-34.718626', '147.248713', '2017-11-29', '2017-11-29 05:34:56', 0, 0, 0, 0),
(495, '2702', '-34.794728', '147.040941', '2017-11-29', '2017-11-29 05:34:56', 0, 0, 0, 0),
(496, '2703', '-34.624919', '146.401934', '2017-11-29', '2017-11-29 05:34:56', 0, 0, 0, 0),
(497, '2705', '-34.50506', '146.286986', '2017-11-29', '2017-11-29 05:34:56', 0, 0, 0, 0),
(498, '2706', '-34.673256', '146.07786', '2017-11-29', '2017-11-29 05:34:56', 0, 0, 0, 0),
(499, '2707', '-23.992438', '134.050443', '2017-11-29', '2017-11-29 05:34:56', 0, 0, 0, 0),
(500, '2710', '-35.294188', '144.889573', '2017-11-29', '2017-11-29 05:34:56', 0, 0, 0, 0),
(501, '2711', '-34.164361', '144.874949', '2017-11-29', '2017-11-29 05:34:56', 0, 0, 0, 0),
(502, '2712', '-35.74169', '145.848646', '2017-11-29', '2017-11-29 05:34:56', 0, 0, 0, 0),
(503, '2713', '-35.582645', '145.559047', '2017-11-29', '2017-11-29 05:34:56', 0, 0, 0, 0),
(504, '2714', '-23.992438', '134.050443', '2017-11-29', '2017-11-29 05:34:56', 0, 0, 0, 0),
(505, '2715', '-33.957384', '143.732023', '2017-11-29', '2017-11-29 05:34:56', 0, 0, 0, 0),
(506, '2716', '-23.992438', '134.050443', '2017-11-29', '2017-11-29 05:34:56', 0, 0, 0, 0),
(507, '2717', '-34.098042', '142.091627', '2017-11-29', '2017-11-29 05:34:56', 0, 0, 0, 0),
(508, '2720', '-23.992438', '134.050443', '2017-11-29', '2017-11-29 05:34:56', 0, 0, 0, 0),
(509, '2721', '-33.969609', '147.898164', '2017-11-29', '2017-11-29 05:34:56', 0, 0, 0, 0),
(510, '2722', '-35.116598', '148.200498', '2017-11-29', '2017-11-29 05:34:56', 0, 0, 0, 0),
(511, '2725', '-34.440846', '147.894256', '2017-11-29', '2017-11-29 05:34:56', 0, 0, 0, 0),
(512, '2726', '-34.797676', '148.43642', '2017-11-29', '2017-11-29 05:34:56', 0, 0, 0, 0),
(513, '2727', '-34.969956', '148.266375', '2017-11-29', '2017-11-29 05:34:56', 0, 0, 0, 0),
(514, '2729', '-35.291187', '147.969427', '2017-11-29', '2017-11-29 05:34:56', 0, 0, 0, 0),
(515, '2730', '-23.992438', '134.050443', '2017-11-29', '2017-11-29 05:34:56', 0, 0, 0, 0),
(516, '2731', '-23.992438', '134.050443', '2017-11-29', '2017-11-29 05:34:56', 0, 0, 0, 0),
(517, '2732', '-35.408788', '144.207743', '2017-11-29', '2017-11-29 05:34:56', 0, 0, 0, 0),
(518, '2733', '-34.988243', '143.918981', '2017-11-29', '2017-11-29 05:34:56', 0, 0, 0, 0),
(519, '2735', '-35.248306', '143.668646', '2017-11-29', '2017-11-29 05:34:56', 0, 0, 0, 0),
(520, '2736', '-34.981256', '143.402709', '2017-11-29', '2017-11-29 05:34:56', 0, 0, 0, 0),
(521, '2737', '-34.351533', '142.896504', '2017-11-29', '2017-11-29 05:34:56', 0, 0, 0, 0),
(522, '2738', '-34.221418', '142.247737', '2017-11-29', '2017-11-29 05:34:56', 0, 0, 0, 0),
(523, '2739', '-34.157058', '142.198782', '2017-11-29', '2017-11-29 05:34:56', 0, 0, 0, 0),
(524, '2745', '-33.86315', '150.669999', '2017-11-29', '2017-11-29 05:34:56', 0, 0, 0, 0),
(525, '2747', '-33.731165', '150.750705', '2017-11-29', '2017-11-29 05:34:56', 0, 0, 0, 0),
(526, '2748', '-33.808292', '150.730429', '2017-11-29', '2017-11-29 05:34:56', 0, 0, 0, 0),
(527, '2749', '-33.6948', '150.688224', '2017-11-29', '2017-11-29 05:34:56', 0, 0, 0, 0),
(528, '2750', '-33.753468', '150.678914', '2017-11-29', '2017-11-29 05:34:56', 0, 0, 0, 0),
(529, '2752', '-33.925925', '150.590752', '2017-11-29', '2017-11-29 05:34:56', 0, 0, 0, 0),
(530, '2753', '-33.612615', '150.706083', '2017-11-29', '2017-11-29 05:34:56', 0, 0, 0, 0),
(531, '2754', '-33.555525', '150.72326', '2017-11-29', '2017-11-29 05:34:56', 0, 0, 0, 0),
(532, '2756', '-33.313256', '150.734695', '2017-11-29', '2017-11-29 05:34:56', 0, 0, 0, 0),
(533, '2757', '-33.550386', '150.70116', '2017-11-29', '2017-11-29 05:34:56', 0, 0, 0, 0),
(534, '2758', '-33.574931', '150.503201', '2017-11-29', '2017-11-29 05:34:56', 0, 0, 0, 0),
(535, '2759', '-33.805746', '150.791713', '2017-11-29', '2017-11-29 05:34:56', 0, 0, 0, 0),
(536, '2760', '-33.756206', '150.779823', '2017-11-29', '2017-11-29 05:34:56', 0, 0, 0, 0),
(537, '2761', '-33.743802', '150.845857', '2017-11-29', '2017-11-29 05:34:56', 0, 0, 0, 0),
(538, '2762', '-33.702942', '150.875207', '2017-11-29', '2017-11-29 05:34:56', 0, 0, 0, 0),
(539, '2763', '-33.728648', '150.890409', '2017-11-29', '2017-11-29 05:34:56', 0, 0, 0, 0),
(540, '2765', '-33.650983', '150.858743', '2017-11-29', '2017-11-29 05:34:56', 0, 0, 0, 0),
(541, '2766', '-33.801599', '150.858209', '2017-11-29', '2017-11-29 05:34:56', 0, 0, 0, 0),
(542, '2767', '-33.764947', '150.872046', '2017-11-29', '2017-11-29 05:34:56', 0, 0, 0, 0),
(543, '2768', '-33.728619', '150.930143', '2017-11-29', '2017-11-29 05:34:56', 0, 0, 0, 0),
(544, '2769', '-33.706054', '150.908775', '2017-11-29', '2017-11-29 05:34:56', 0, 0, 0, 0),
(545, '2770', '-33.75575', '150.813706', '2017-11-29', '2017-11-29 05:34:56', 0, 0, 0, 0),
(546, '2773', '-33.765484', '150.627521', '2017-11-29', '2017-11-29 05:34:56', 0, 0, 0, 0),
(547, '2774', '-33.732932', '150.618307', '2017-11-29', '2017-11-29 05:34:56', 0, 0, 0, 0),
(548, '2775', '-33.281005', '151.000132', '2017-11-29', '2017-11-29 05:34:56', 0, 0, 0, 0),
(549, '2776', '-33.685363', '150.550992', '2017-11-29', '2017-11-29 05:34:56', 0, 0, 0, 0),
(550, '2777', '-33.691719', '150.606735', '2017-11-29', '2017-11-29 05:34:56', 0, 0, 0, 0),
(551, '2778', '-33.728139', '150.493005', '2017-11-29', '2017-11-29 05:34:56', 0, 0, 0, 0),
(552, '2779', '-33.732466', '150.454196', '2017-11-29', '2017-11-29 05:34:56', 0, 0, 0, 0),
(553, '2780', '-33.702676', '150.309324', '2017-11-29', '2017-11-29 05:34:56', 0, 0, 0, 0),
(554, '2782', '-33.721681', '150.379731', '2017-11-29', '2017-11-29 05:34:56', 0, 0, 0, 0),
(555, '2783', '-33.720792', '150.434342', '2017-11-29', '2017-11-29 05:34:56', 0, 0, 0, 0);
INSERT INTO `tblPostalCodes` (`fldPostalCodeId`, `fldPostalCode`, `fldPostalCodeLat`, `fldPostalCodeLong`, `fldPostalCodeCreated`, `fldPostalCodeModified`, `fldPostalCodeDeleted`, `fldPostalUserId`, `fldPostalCodeStateId`, `fldPostalCodeRegionalId`) VALUES
(556, '2784', '-33.729222', '150.417662', '2017-11-29', '2017-11-29 05:34:56', 0, 0, 0, 0),
(557, '2785', '-33.703442', '150.242997', '2017-11-29', '2017-11-29 05:34:56', 0, 0, 0, 0),
(558, '2786', '-23.992438', '134.050443', '2017-11-29', '2017-11-29 05:34:56', 0, 0, 0, 0),
(559, '2787', '-33.940416', '150.08287', '2017-11-29', '2017-11-29 05:34:56', 0, 0, 0, 0),
(560, '2790', '-33.531793', '150.12244', '2017-11-29', '2017-11-29 05:34:56', 0, 0, 0, 0),
(561, '2791', '-33.553089', '149.048245', '2017-11-29', '2017-11-29 05:34:56', 0, 0, 0, 0),
(562, '2792', '-33.691957', '149.03167', '2017-11-29', '2017-11-29 05:34:56', 0, 0, 0, 0),
(563, '2793', '-33.770533', '148.812658', '2017-11-29', '2017-11-29 05:34:56', 0, 0, 0, 0),
(564, '2794', '-33.859125', '148.580024', '2017-11-29', '2017-11-29 05:34:56', 0, 0, 0, 0),
(565, '2795', '-33.516109', '149.550692', '2017-11-29', '2017-11-29 05:34:56', 0, 0, 0, 0),
(566, '2797', '-33.67147', '149.040369', '2017-11-29', '2017-11-29 05:34:56', 0, 0, 0, 0),
(567, '2798', '-33.434817', '149.117764', '2017-11-29', '2017-11-29 05:34:56', 0, 0, 0, 0),
(568, '2799', '-33.638309', '149.254275', '2017-11-29', '2017-11-29 05:34:56', 0, 0, 0, 0),
(569, '2800', '-33.255793', '149.094599', '2017-11-29', '2017-11-29 05:34:56', 0, 0, 0, 0),
(570, '2803', '-34.122616', '148.512325', '2017-11-29', '2017-11-29 05:34:56', 0, 0, 0, 0),
(571, '2804', '-33.546796', '148.653068', '2017-11-29', '2017-11-29 05:34:56', 0, 0, 0, 0),
(572, '2805', '-33.636896', '148.438999', '2017-11-29', '2017-11-29 05:34:56', 0, 0, 0, 0),
(573, '2806', '-33.379538', '148.33016', '2017-11-29', '2017-11-29 05:34:56', 0, 0, 0, 0),
(574, '2807', '-34.037877', '148.55769', '2017-11-29', '2017-11-29 05:34:56', 0, 0, 0, 0),
(575, '2808', '-33.873956', '148.996514', '2017-11-29', '2017-11-29 05:34:56', 0, 0, 0, 0),
(576, '2809', '-33.969596', '148.406898', '2017-11-29', '2017-11-29 05:34:56', 0, 0, 0, 0),
(577, '2810', '-23.992438', '134.050443', '2017-11-29', '2017-11-29 05:34:56', 0, 0, 0, 0),
(578, '2820', '-32.586472', '149.00401', '2017-11-29', '2017-11-29 05:34:56', 0, 0, 0, 0),
(579, '2821', '-32.256957', '148.140202', '2017-11-29', '2017-11-29 05:34:56', 0, 0, 0, 0),
(580, '2823', '-32.0049', '147.930918', '2017-11-29', '2017-11-29 05:34:56', 0, 0, 0, 0),
(581, '2824', '-31.212412', '147.66693', '2017-11-29', '2017-11-29 05:34:56', 0, 0, 0, 0),
(582, '2825', '-31.793866', '146.922875', '2017-11-29', '2017-11-29 05:34:56', 0, 0, 0, 0),
(583, '2827', '-31.67928', '148.624964', '2017-11-29', '2017-11-29 05:34:56', 0, 0, 0, 0),
(584, '2828', '-31.265086', '148.364714', '2017-11-29', '2017-11-29 05:34:56', 0, 0, 0, 0),
(585, '2829', '-30.80329', '148.418299', '2017-11-29', '2017-11-29 05:34:56', 0, 0, 0, 0),
(586, '2830', '-32.303532', '148.637982', '2017-11-29', '2017-11-29 05:34:56', 0, 0, 0, 0),
(587, '2831', '-30.770394', '147.58796', '2017-11-29', '2017-11-29 05:34:56', 0, 0, 0, 0),
(588, '2832', '-29.97521', '148.064076', '2017-11-29', '2017-11-29 05:34:56', 0, 0, 0, 0),
(589, '2833', '-29.451039', '148.577102', '2017-11-29', '2017-11-29 05:34:56', 0, 0, 0, 0),
(590, '2834', '-29.279578', '148.017602', '2017-11-29', '2017-11-29 05:34:56', 0, 0, 0, 0),
(591, '2835', '-31.578904', '145.246674', '2017-11-29', '2017-11-29 05:34:56', 0, 0, 0, 0),
(592, '2836', '-31.15155', '143.57793', '2017-11-29', '2017-11-29 05:34:56', 0, 0, 0, 0),
(593, '2839', '-29.891281', '146.828588', '2017-11-29', '2017-11-29 05:34:56', 0, 0, 0, 0),
(594, '2840', '-29.919818', '145.365087', '2017-11-29', '2017-11-29 05:34:56', 0, 0, 0, 0),
(595, '2842', '-31.897919', '149.146859', '2017-11-29', '2017-11-29 05:34:56', 0, 0, 0, 0),
(596, '2843', '-31.792697', '149.759842', '2017-11-29', '2017-11-29 05:34:56', 0, 0, 0, 0),
(597, '2844', '-32.032738', '149.384626', '2017-11-29', '2017-11-29 05:34:56', 0, 0, 0, 0),
(598, '2845', '-33.440876', '150.02137', '2017-11-29', '2017-11-29 05:34:56', 0, 0, 0, 0),
(599, '2846', '-33.190411', '149.949392', '2017-11-29', '2017-11-29 05:34:56', 0, 0, 0, 0),
(600, '2847', '-33.356543', '149.972843', '2017-11-29', '2017-11-29 05:34:56', 0, 0, 0, 0),
(601, '2848', '-32.898589', '149.905053', '2017-11-29', '2017-11-29 05:34:56', 0, 0, 0, 0),
(602, '2849', '-32.946586', '150.248032', '2017-11-29', '2017-11-29 05:34:56', 0, 0, 0, 0),
(603, '2850', '-32.620128', '149.653421', '2017-11-29', '2017-11-29 05:34:56', 0, 0, 0, 0),
(604, '2852', '-32.328051', '149.431169', '2017-11-29', '2017-11-29 05:34:56', 0, 0, 0, 0),
(605, '2864', '-33.318591', '148.793648', '2017-11-29', '2017-11-29 05:34:56', 0, 0, 0, 0),
(606, '2865', '-33.212433', '148.648126', '2017-11-29', '2017-11-29 05:34:56', 0, 0, 0, 0),
(607, '2866', '-33.072216', '148.798644', '2017-11-29', '2017-11-29 05:34:56', 0, 0, 0, 0),
(608, '2867', '-32.902873', '148.573964', '2017-11-29', '2017-11-29 05:34:56', 0, 0, 0, 0),
(609, '2868', '-32.755371', '148.631139', '2017-11-29', '2017-11-29 05:34:56', 0, 0, 0, 0),
(610, '2869', '-32.649173', '148.116325', '2017-11-29', '2017-11-29 05:34:56', 0, 0, 0, 0),
(611, '2870', '-33.066833', '148.170049', '2017-11-29', '2017-11-29 05:34:56', 0, 0, 0, 0),
(612, '2871', '-33.479972', '147.834031', '2017-11-29', '2017-11-29 05:34:56', 0, 0, 0, 0),
(613, '2873', '-32.324137', '147.28977', '2017-11-29', '2017-11-29 05:34:56', 0, 0, 0, 0),
(614, '2874', '-32.538831', '147.702461', '2017-11-29', '2017-11-29 05:34:56', 0, 0, 0, 0),
(615, '2875', '-32.814036', '147.503107', '2017-11-29', '2017-11-29 05:34:56', 0, 0, 0, 0),
(616, '2876', '-33.111263', '147.693655', '2017-11-29', '2017-11-29 05:34:56', 0, 0, 0, 0),
(617, '2877', '-32.685729', '146.350294', '2017-11-29', '2017-11-29 05:34:56', 0, 0, 0, 0),
(618, '2878', '-23.992438', '134.050443', '2017-11-29', '2017-11-29 05:34:56', 0, 0, 0, 0),
(619, '2879', '-32.561799', '143.601611', '2017-11-29', '2017-11-29 05:34:56', 0, 0, 0, 0),
(620, '2880', '-30.656654', '142.211462', '2017-11-29', '2017-11-29 05:34:56', 0, 0, 0, 0),
(621, '2898', '-23.992438', '134.050443', '2017-11-29', '2017-11-29 05:34:56', 0, 0, 0, 0),
(622, '2900', '-35.500185', '149.10936', '2017-11-29', '2017-11-29 05:34:56', 0, 0, 0, 0),
(623, '2902', '-35.386239', '149.058045', '2017-11-29', '2017-11-29 05:34:56', 0, 0, 0, 0),
(624, '2903', '-35.399785', '149.088808', '2017-11-29', '2017-11-29 05:34:56', 0, 0, 0, 0),
(625, '2904', '-35.409187', '149.108366', '2017-11-29', '2017-11-29 05:34:56', 0, 0, 0, 0),
(626, '2905', '-35.432367', '149.10993', '2017-11-29', '2017-11-29 05:34:56', 0, 0, 0, 0),
(627, '2906', '-35.460814', '149.095684', '2017-11-29', '2017-11-29 05:34:56', 0, 0, 0, 0),
(628, '2911', '-35.212336', '149.125314', '2017-11-29', '2017-11-29 05:34:56', 0, 0, 0, 0),
(629, '2912', '-35.172415', '149.139097', '2017-11-29', '2017-11-29 05:34:56', 0, 0, 0, 0),
(630, '2913', '-35.186097', '149.110681', '2017-11-29', '2017-11-29 05:34:56', 0, 0, 0, 0),
(631, '2914', '-35.174197', '149.143629', '2017-11-29', '2017-11-29 05:34:56', 0, 0, 0, 0),
(632, '3000', '-37.813046', '144.962398', '2017-11-29', '2017-11-29 05:34:56', 0, 0, 0, 0),
(633, '3002', '-37.812872', '144.981886', '2017-11-29', '2017-11-29 05:34:56', 0, 0, 0, 0),
(634, '3003', '-37.809332', '144.925223', '2017-11-29', '2017-11-29 05:34:56', 0, 0, 0, 0),
(635, '3004', '-37.828971', '144.978845', '2017-11-29', '2017-11-29 05:34:56', 0, 0, 0, 0),
(636, '3005', '-37.821972', '144.952728', '2017-11-29', '2017-11-29 05:34:56', 0, 0, 0, 0),
(637, '3006', '-37.825243', '144.960278', '2017-11-29', '2017-11-29 05:34:56', 0, 0, 0, 0),
(638, '3008', '-37.817837', '144.93955', '2017-11-29', '2017-11-29 05:34:56', 0, 0, 0, 0),
(639, '3010', '-37.795868', '144.961198', '2017-11-29', '2017-11-29 05:34:56', 0, 0, 0, 0),
(640, '3011', '-37.799522', '144.896394', '2017-11-29', '2017-11-29 05:34:56', 0, 0, 0, 0),
(641, '3012', '-37.803234', '144.85898', '2017-11-29', '2017-11-29 05:34:56', 0, 0, 0, 0),
(642, '3013', '-37.817976', '144.881972', '2017-11-29', '2017-11-29 05:34:56', 0, 0, 0, 0),
(643, '3015', '-37.837628', '144.882222', '2017-11-29', '2017-11-29 05:34:56', 0, 0, 0, 0),
(644, '3016', '-37.859128', '144.88479', '2017-11-29', '2017-11-29 05:34:56', 0, 0, 0, 0),
(645, '3018', '-37.860307', '144.815007', '2017-11-29', '2017-11-29 05:34:56', 0, 0, 0, 0),
(646, '3019', '-37.786705', '144.854842', '2017-11-29', '2017-11-29 05:34:56', 0, 0, 0, 0),
(647, '3020', '-37.783321', '144.824052', '2017-11-29', '2017-11-29 05:34:56', 0, 0, 0, 0),
(648, '3021', '-37.74268', '144.800379', '2017-11-29', '2017-11-29 05:34:56', 0, 0, 0, 0),
(649, '3022', '-37.775857', '144.80144', '2017-11-29', '2017-11-29 05:34:56', 0, 0, 0, 0),
(650, '3023', '-37.754459', '144.758472', '2017-11-29', '2017-11-29 05:34:56', 0, 0, 0, 0),
(651, '3024', '-37.815944', '144.596917', '2017-11-29', '2017-11-29 05:34:56', 0, 0, 0, 0),
(652, '3025', '-37.837926', '144.834702', '2017-11-29', '2017-11-29 05:34:56', 0, 0, 0, 0),
(653, '3026', '-37.830019', '144.78719', '2017-11-29', '2017-11-29 05:34:56', 0, 0, 0, 0),
(654, '3027', '-37.86178', '144.749469', '2017-11-29', '2017-11-29 05:34:56', 0, 0, 0, 0),
(655, '3028', '-37.878006', '144.780049', '2017-11-29', '2017-11-29 05:34:56', 0, 0, 0, 0),
(656, '3029', '-37.840418', '144.703389', '2017-11-29', '2017-11-29 05:34:56', 0, 0, 0, 0),
(657, '3030', '-37.92622', '144.682939', '2017-11-29', '2017-11-29 05:34:56', 0, 0, 0, 0),
(658, '3031', '-37.789998', '144.922642', '2017-11-29', '2017-11-29 05:34:56', 0, 0, 0, 0),
(659, '3032', '-37.774723', '144.900006', '2017-11-29', '2017-11-29 05:34:56', 0, 0, 0, 0),
(660, '3033', '-37.738346', '144.856086', '2017-11-29', '2017-11-29 05:34:56', 0, 0, 0, 0),
(661, '3034', '-37.761552', '144.862606', '2017-11-29', '2017-11-29 05:34:56', 0, 0, 0, 0),
(662, '3036', '-37.694454', '144.806848', '2017-11-29', '2017-11-29 05:34:56', 0, 0, 0, 0),
(663, '3037', '-37.699836', '144.755559', '2017-11-29', '2017-11-29 05:34:56', 0, 0, 0, 0),
(664, '3038', '-37.706867', '144.794122', '2017-11-29', '2017-11-29 05:34:56', 0, 0, 0, 0),
(665, '3039', '-37.765626', '144.921429', '2017-11-29', '2017-11-29 05:34:56', 0, 0, 0, 0),
(666, '3040', '-37.752049', '144.905478', '2017-11-29', '2017-11-29 05:34:56', 0, 0, 0, 0),
(667, '3041', '-37.729458', '144.907161', '2017-11-29', '2017-11-29 05:34:56', 0, 0, 0, 0),
(668, '3042', '-37.725277', '144.871043', '2017-11-29', '2017-11-29 05:34:56', 0, 0, 0, 0),
(669, '3043', '-37.700134', '144.881286', '2017-11-29', '2017-11-29 05:34:56', 0, 0, 0, 0),
(670, '3044', '-37.732006', '144.938137', '2017-11-29', '2017-11-29 05:34:56', 0, 0, 0, 0),
(671, '3045', '-37.676422', '144.836519', '2017-11-29', '2017-11-29 05:34:56', 0, 0, 0, 0),
(672, '3046', '-37.706615', '144.930952', '2017-11-29', '2017-11-29 05:34:56', 0, 0, 0, 0),
(673, '3047', '-37.681097', '144.930917', '2017-11-29', '2017-11-29 05:34:56', 0, 0, 0, 0),
(674, '3048', '-37.653423', '144.925038', '2017-11-29', '2017-11-29 05:34:56', 0, 0, 0, 0),
(675, '3049', '-37.671066', '144.889375', '2017-11-29', '2017-11-29 05:34:56', 0, 0, 0, 0),
(676, '3051', '-37.798566', '144.945165', '2017-11-29', '2017-11-29 05:34:56', 0, 0, 0, 0),
(677, '3052', '-37.785755', '144.950045', '2017-11-29', '2017-11-29 05:34:56', 0, 0, 0, 0),
(678, '3053', '-37.800421', '144.968419', '2017-11-29', '2017-11-29 05:34:56', 0, 0, 0, 0),
(679, '3054', '-37.785712', '144.968127', '2017-11-29', '2017-11-29 05:34:56', 0, 0, 0, 0),
(680, '3055', '-37.763319', '144.942536', '2017-11-29', '2017-11-29 05:34:56', 0, 0, 0, 0),
(681, '3056', '-37.766442', '144.961267', '2017-11-29', '2017-11-29 05:34:56', 0, 0, 0, 0),
(682, '3057', '-37.768903', '144.977668', '2017-11-29', '2017-11-29 05:34:56', 0, 0, 0, 0),
(683, '3058', '-37.73749', '144.965545', '2017-11-29', '2017-11-29 05:34:56', 0, 0, 0, 0),
(684, '3059', '-37.646322', '144.873285', '2017-11-29', '2017-11-29 05:34:56', 0, 0, 0, 0),
(685, '3060', '-37.705235', '144.969606', '2017-11-29', '2017-11-29 05:34:56', 0, 0, 0, 0),
(686, '3061', '-37.664175', '144.95956', '2017-11-29', '2017-11-29 05:34:56', 0, 0, 0, 0),
(687, '3062', '-37.634683', '144.950763', '2017-11-29', '2017-11-29 05:34:56', 0, 0, 0, 0),
(688, '3063', '-37.598454', '144.86205', '2017-11-29', '2017-11-29 05:34:56', 0, 0, 0, 0),
(689, '3064', '-37.55699', '144.918335', '2017-11-29', '2017-11-29 05:34:56', 0, 0, 0, 0),
(690, '3065', '-37.801044', '144.979133', '2017-11-29', '2017-11-29 05:34:56', 0, 0, 0, 0),
(691, '3066', '-37.802091', '144.988136', '2017-11-29', '2017-11-29 05:34:56', 0, 0, 0, 0),
(692, '3067', '-37.804598', '144.999762', '2017-11-29', '2017-11-29 05:34:56', 0, 0, 0, 0),
(693, '3068', '-37.786685', '144.989728', '2017-11-29', '2017-11-29 05:34:56', 0, 0, 0, 0),
(694, '3070', '-37.772822', '145.000962', '2017-11-29', '2017-11-29 05:34:56', 0, 0, 0, 0),
(695, '3071', '-37.758288', '145.005138', '2017-11-29', '2017-11-29 05:34:56', 0, 0, 0, 0),
(696, '3072', '-37.741871', '145.007822', '2017-11-29', '2017-11-29 05:34:56', 0, 0, 0, 0),
(697, '3073', '-37.712264', '145.006912', '2017-11-29', '2017-11-29 05:34:56', 0, 0, 0, 0),
(698, '3074', '-37.683855', '145.008275', '2017-11-29', '2017-11-29 05:34:56', 0, 0, 0, 0),
(699, '3075', '-37.662904', '145.003928', '2017-11-29', '2017-11-29 05:34:56', 0, 0, 0, 0),
(700, '3076', '-37.639123', '145.026623', '2017-11-29', '2017-11-29 05:34:56', 0, 0, 0, 0),
(701, '3078', '-37.782696', '145.022497', '2017-11-29', '2017-11-29 05:34:56', 0, 0, 0, 0),
(702, '3079', '-37.770327', '145.048625', '2017-11-29', '2017-11-29 05:34:56', 0, 0, 0, 0),
(703, '3081', '-37.742992', '145.046407', '2017-11-29', '2017-11-29 05:34:56', 0, 0, 0, 0),
(704, '3082', '-37.664001', '145.064518', '2017-11-29', '2017-11-29 05:34:56', 0, 0, 0, 0),
(705, '3083', '-37.696009', '145.059378', '2017-11-29', '2017-11-29 05:34:56', 0, 0, 0, 0),
(706, '3084', '-37.746684', '145.076851', '2017-11-29', '2017-11-29 05:34:56', 0, 0, 0, 0),
(707, '3085', '-37.722207', '145.078725', '2017-11-29', '2017-11-29 05:34:56', 0, 0, 0, 0),
(708, '3086', '-37.721761', '145.047936', '2017-11-29', '2017-11-29 05:34:56', 0, 0, 0, 0),
(709, '3087', '-37.704906', '145.084147', '2017-11-29', '2017-11-29 05:34:56', 0, 0, 0, 0),
(710, '3088', '-37.6984', '145.111517', '2017-11-29', '2017-11-29 05:34:56', 0, 0, 0, 0),
(711, '3089', '-37.666963', '145.158693', '2017-11-29', '2017-11-29 05:34:56', 0, 0, 0, 0),
(712, '3090', '-37.667423', '145.112356', '2017-11-29', '2017-11-29 05:34:56', 0, 0, 0, 0),
(713, '3091', '-37.637513', '145.134857', '2017-11-29', '2017-11-29 05:34:56', 0, 0, 0, 0),
(714, '3093', '-37.738827', '145.116214', '2017-11-29', '2017-11-29 05:34:56', 0, 0, 0, 0),
(715, '3094', '-37.719', '145.125301', '2017-11-29', '2017-11-29 05:34:56', 0, 0, 0, 0),
(716, '3095', '-37.711376', '145.166383', '2017-11-29', '2017-11-29 05:34:56', 0, 0, 0, 0),
(717, '3096', '-37.669939', '145.191608', '2017-11-29', '2017-11-29 05:34:56', 0, 0, 0, 0),
(718, '3097', '-37.690722', '145.240738', '2017-11-29', '2017-11-29 05:34:56', 0, 0, 0, 0),
(719, '3099', '-23.992438', '134.050443', '2017-11-29', '2017-11-29 05:34:56', 0, 0, 0, 0),
(720, '3101', '-37.803361', '145.033315', '2017-11-29', '2017-11-29 05:34:56', 0, 0, 0, 0),
(721, '3102', '-37.790443', '145.052776', '2017-11-29', '2017-11-29 05:34:56', 0, 0, 0, 0),
(722, '3103', '-37.809738', '145.080071', '2017-11-29', '2017-11-29 05:34:56', 0, 0, 0, 0),
(723, '3104', '-37.791952', '145.084254', '2017-11-29', '2017-11-29 05:34:56', 0, 0, 0, 0),
(724, '3105', '-37.768885', '145.08718', '2017-11-29', '2017-11-29 05:34:56', 0, 0, 0, 0),
(725, '3106', '-37.754047', '145.148633', '2017-11-29', '2017-11-29 05:34:56', 0, 0, 0, 0),
(726, '3107', '-37.763868', '145.112273', '2017-11-29', '2017-11-29 05:34:56', 0, 0, 0, 0),
(727, '3108', '-37.784828', '145.123853', '2017-11-29', '2017-11-29 05:34:56', 0, 0, 0, 0),
(728, '3109', '-37.778863', '145.163892', '2017-11-29', '2017-11-29 05:34:56', 0, 0, 0, 0),
(729, '3111', '-37.789785', '145.191431', '2017-11-29', '2017-11-29 05:34:56', 0, 0, 0, 0),
(730, '3113', '-37.740429', '145.211269', '2017-11-29', '2017-11-29 05:34:56', 0, 0, 0, 0),
(731, '3114', '-37.776885', '145.214628', '2017-11-29', '2017-11-29 05:34:56', 0, 0, 0, 0),
(732, '3115', '-37.735657', '145.269798', '2017-11-29', '2017-11-29 05:34:56', 0, 0, 0, 0),
(733, '3116', '-37.738602', '145.314315', '2017-11-29', '2017-11-29 05:34:56', 0, 0, 0, 0),
(734, '3121', '-37.822907', '145.004046', '2017-11-29', '2017-11-29 05:34:56', 0, 0, 0, 0),
(735, '3122', '-37.824428', '145.031709', '2017-11-29', '2017-11-29 05:34:56', 0, 0, 0, 0),
(736, '3123', '-37.831355', '145.049968', '2017-11-29', '2017-11-29 05:34:56', 0, 0, 0, 0),
(737, '3124', '-37.838442', '145.074017', '2017-11-29', '2017-11-29 05:34:56', 0, 0, 0, 0),
(738, '3125', '-37.849572', '145.111381', '2017-11-29', '2017-11-29 05:34:56', 0, 0, 0, 0),
(739, '3126', '-37.82432', '145.075778', '2017-11-29', '2017-11-29 05:34:56', 0, 0, 0, 0),
(740, '3127', '-37.824229', '145.100874', '2017-11-29', '2017-11-29 05:34:56', 0, 0, 0, 0),
(741, '3128', '-37.829038', '145.124741', '2017-11-29', '2017-11-29 05:34:56', 0, 0, 0, 0),
(742, '3129', '-37.804911', '145.123097', '2017-11-29', '2017-11-29 05:34:56', 0, 0, 0, 0),
(743, '3130', '-37.823279', '145.15103', '2017-11-29', '2017-11-29 05:34:56', 0, 0, 0, 0),
(744, '3131', '-37.827378', '145.174091', '2017-11-29', '2017-11-29 05:34:56', 0, 0, 0, 0),
(745, '3132', '-37.818177', '145.199007', '2017-11-29', '2017-11-29 05:34:56', 0, 0, 0, 0),
(746, '3133', '-37.847574', '145.192716', '2017-11-29', '2017-11-29 05:34:56', 0, 0, 0, 0),
(747, '3134', '-37.791616', '145.237236', '2017-11-29', '2017-11-29 05:34:56', 0, 0, 0, 0),
(748, '3135', '-37.82149', '145.248677', '2017-11-29', '2017-11-29 05:34:56', 0, 0, 0, 0),
(749, '3136', '-37.790932', '145.281595', '2017-11-29', '2017-11-29 05:34:56', 0, 0, 0, 0),
(750, '3137', '-37.818823', '145.315625', '2017-11-29', '2017-11-29 05:34:56', 0, 0, 0, 0),
(751, '3138', '-37.781338', '145.325672', '2017-11-29', '2017-11-29 05:34:56', 0, 0, 0, 0),
(752, '3139', '-37.812979', '145.543833', '2017-11-29', '2017-11-29 05:34:56', 0, 0, 0, 0),
(753, '3140', '-37.755636', '145.367856', '2017-11-29', '2017-11-29 05:34:56', 0, 0, 0, 0),
(754, '3141', '-37.839174', '144.991484', '2017-11-29', '2017-11-29 05:34:56', 0, 0, 0, 0),
(755, '3142', '-37.841617', '145.017609', '2017-11-29', '2017-11-29 05:34:56', 0, 0, 0, 0),
(756, '3143', '-37.85676', '145.020705', '2017-11-29', '2017-11-29 05:34:56', 0, 0, 0, 0),
(757, '3144', '-37.855091', '145.035192', '2017-11-29', '2017-11-29 05:34:56', 0, 0, 0, 0),
(758, '3145', '-37.877463', '145.062448', '2017-11-29', '2017-11-29 05:34:56', 0, 0, 0, 0),
(759, '3146', '-37.855796', '145.064606', '2017-11-29', '2017-11-29 05:34:56', 0, 0, 0, 0),
(760, '3147', '-37.867017', '145.090996', '2017-11-29', '2017-11-29 05:34:56', 0, 0, 0, 0),
(761, '3148', '-37.882268', '145.100145', '2017-11-29', '2017-11-29 05:34:56', 0, 0, 0, 0),
(762, '3149', '-37.878382', '145.128497', '2017-11-29', '2017-11-29 05:34:56', 0, 0, 0, 0),
(763, '3150', '-37.891558', '145.175342', '2017-11-29', '2017-11-29 05:34:56', 0, 0, 0, 0),
(764, '3151', '-37.853586', '145.150416', '2017-11-29', '2017-11-29 05:34:56', 0, 0, 0, 0),
(765, '3152', '-37.865479', '145.222848', '2017-11-29', '2017-11-29 05:34:56', 0, 0, 0, 0),
(766, '3153', '-37.837136', '145.27324', '2017-11-29', '2017-11-29 05:34:56', 0, 0, 0, 0),
(767, '3154', '-37.855687', '145.321373', '2017-11-29', '2017-11-29 05:34:56', 0, 0, 0, 0),
(768, '3155', '-37.856291', '145.285965', '2017-11-29', '2017-11-29 05:34:56', 0, 0, 0, 0),
(769, '3156', '-37.912861', '145.285952', '2017-11-29', '2017-11-29 05:34:56', 0, 0, 0, 0),
(770, '3158', '-37.905212', '145.327969', '2017-11-29', '2017-11-29 05:34:56', 0, 0, 0, 0),
(771, '3159', '-37.921323', '145.390437', '2017-11-29', '2017-11-29 05:34:56', 0, 0, 0, 0),
(772, '3160', '-37.931694', '145.355001', '2017-11-29', '2017-11-29 05:34:56', 0, 0, 0, 0),
(773, '3161', '-37.872048', '145.021587', '2017-11-29', '2017-11-29 05:34:56', 0, 0, 0, 0),
(774, '3162', '-37.89138', '145.025362', '2017-11-29', '2017-11-29 05:34:56', 0, 0, 0, 0),
(775, '3163', '-37.894466', '145.059141', '2017-11-29', '2017-11-29 05:34:56', 0, 0, 0, 0),
(776, '3165', '-37.92211', '145.066689', '2017-11-29', '2017-11-29 05:34:56', 0, 0, 0, 0),
(777, '3166', '-37.901861', '145.098245', '2017-11-29', '2017-11-29 05:34:56', 0, 0, 0, 0),
(778, '3167', '-37.9244', '145.094275', '2017-11-29', '2017-11-29 05:34:56', 0, 0, 0, 0),
(779, '3168', '-37.916715', '145.131804', '2017-11-29', '2017-11-29 05:34:56', 0, 0, 0, 0),
(780, '3169', '-37.943071', '145.119327', '2017-11-29', '2017-11-29 05:34:56', 0, 0, 0, 0),
(781, '3170', '-37.925684', '145.175882', '2017-11-29', '2017-11-29 05:34:56', 0, 0, 0, 0),
(782, '3171', '-37.945696', '145.157856', '2017-11-29', '2017-11-29 05:34:56', 0, 0, 0, 0),
(783, '3172', '-37.984072', '145.129526', '2017-11-29', '2017-11-29 05:34:56', 0, 0, 0, 0),
(784, '3173', '-38.005338', '145.167342', '2017-11-29', '2017-11-29 05:34:56', 0, 0, 0, 0),
(785, '3174', '-37.963956', '145.181011', '2017-11-29', '2017-11-29 05:34:56', 0, 0, 0, 0),
(786, '3175', '-38.022298', '145.204414', '2017-11-29', '2017-11-29 05:34:56', 0, 0, 0, 0),
(787, '3177', '-37.990625', '145.240186', '2017-11-29', '2017-11-29 05:34:56', 0, 0, 0, 0),
(788, '3178', '-37.923836', '145.245142', '2017-11-29', '2017-11-29 05:34:56', 0, 0, 0, 0),
(789, '3179', '-37.90144', '145.219361', '2017-11-29', '2017-11-29 05:34:56', 0, 0, 0, 0),
(790, '3180', '-37.889776', '145.249621', '2017-11-29', '2017-11-29 05:34:56', 0, 0, 0, 0),
(791, '3181', '-37.852836', '144.997504', '2017-11-29', '2017-11-29 05:34:56', 0, 0, 0, 0),
(792, '3182', '-37.862987', '144.980158', '2017-11-29', '2017-11-29 05:34:56', 0, 0, 0, 0),
(793, '3183', '-37.86773', '145.000206', '2017-11-29', '2017-11-29 05:34:56', 0, 0, 0, 0),
(794, '3184', '-37.880922', '144.985534', '2017-11-29', '2017-11-29 05:34:56', 0, 0, 0, 0),
(795, '3185', '-37.886128', '145.006116', '2017-11-29', '2017-11-29 05:34:56', 0, 0, 0, 0),
(796, '3186', '-37.908189', '144.995817', '2017-11-29', '2017-11-29 05:34:56', 0, 0, 0, 0),
(797, '3187', '-37.917174', '145.016386', '2017-11-29', '2017-11-29 05:34:56', 0, 0, 0, 0),
(798, '3188', '-37.937661', '145.014248', '2017-11-29', '2017-11-29 05:34:56', 0, 0, 0, 0),
(799, '3189', '-37.941458', '145.057783', '2017-11-29', '2017-11-29 05:34:56', 0, 0, 0, 0),
(800, '3190', '-37.950386', '145.03979', '2017-11-29', '2017-11-29 05:34:56', 0, 0, 0, 0),
(801, '3191', '-37.953304', '145.013879', '2017-11-29', '2017-11-29 05:34:56', 0, 0, 0, 0),
(802, '3192', '-37.963413', '145.061523', '2017-11-29', '2017-11-29 05:34:56', 0, 0, 0, 0),
(803, '3193', '-37.977398', '145.032372', '2017-11-29', '2017-11-29 05:34:56', 0, 0, 0, 0),
(804, '3194', '-37.979933', '145.081501', '2017-11-29', '2017-11-29 05:34:56', 0, 0, 0, 0),
(805, '3195', '-38.00834', '145.102803', '2017-11-29', '2017-11-29 05:34:56', 0, 0, 0, 0),
(806, '3196', '-38.048201', '145.125618', '2017-11-29', '2017-11-29 05:34:56', 0, 0, 0, 0),
(807, '3197', '-38.071307', '145.139194', '2017-11-29', '2017-11-29 05:34:56', 0, 0, 0, 0),
(808, '3198', '-38.104821', '145.138447', '2017-11-29', '2017-11-29 05:34:56', 0, 0, 0, 0),
(809, '3199', '-38.160187', '145.13881', '2017-11-29', '2017-11-29 05:34:56', 0, 0, 0, 0),
(810, '3200', '-38.123924', '145.163859', '2017-11-29', '2017-11-29 05:34:56', 0, 0, 0, 0),
(811, '3201', '-38.092778', '145.175794', '2017-11-29', '2017-11-29 05:34:56', 0, 0, 0, 0),
(812, '3202', '-37.956066', '145.093194', '2017-11-29', '2017-11-29 05:34:56', 0, 0, 0, 0),
(813, '3204', '-37.915591', '145.038934', '2017-11-29', '2017-11-29 05:34:56', 0, 0, 0, 0),
(814, '3205', '-37.833409', '144.956973', '2017-11-29', '2017-11-29 05:34:56', 0, 0, 0, 0),
(815, '3206', '-37.846018', '144.963015', '2017-11-29', '2017-11-29 05:34:56', 0, 0, 0, 0),
(816, '3207', '-37.83317', '144.922248', '2017-11-29', '2017-11-29 05:34:56', 0, 0, 0, 0),
(817, '3211', '-37.926228', '144.491566', '2017-11-29', '2017-11-29 05:34:56', 0, 0, 0, 0),
(818, '3212', '-38.021617', '144.449248', '2017-11-29', '2017-11-29 05:34:56', 0, 0, 0, 0),
(819, '3214', '-38.073687', '144.371593', '2017-11-29', '2017-11-29 05:34:56', 0, 0, 0, 0),
(820, '3215', '-38.108153', '144.335321', '2017-11-29', '2017-11-29 05:34:56', 0, 0, 0, 0),
(821, '3216', '-38.234152', '144.294612', '2017-11-29', '2017-11-29 05:34:56', 0, 0, 0, 0),
(822, '3217', '-38.196409', '144.308651', '2017-11-29', '2017-11-29 05:34:56', 0, 0, 0, 0),
(823, '3218', '-38.137428', '144.336197', '2017-11-29', '2017-11-29 05:34:56', 0, 0, 0, 0),
(824, '3219', '-38.172601', '144.382028', '2017-11-29', '2017-11-29 05:34:56', 0, 0, 0, 0),
(825, '3220', '-38.152941', '144.345551', '2017-11-29', '2017-11-29 05:34:56', 0, 0, 0, 0),
(826, '3221', '-38.246109', '144.089547', '2017-11-29', '2017-11-29 05:34:56', 0, 0, 0, 0),
(827, '3222', '-38.20491', '144.58838', '2017-11-29', '2017-11-29 05:34:56', 0, 0, 0, 0),
(828, '3223', '-38.153339', '144.665828', '2017-11-29', '2017-11-29 05:34:56', 0, 0, 0, 0),
(829, '3224', '-38.192815', '144.468894', '2017-11-29', '2017-11-29 05:34:56', 0, 0, 0, 0),
(830, '3225', '-23.992438', '134.050443', '2017-11-29', '2017-11-29 05:34:56', 0, 0, 0, 0),
(831, '3226', '-38.260975', '144.528266', '2017-11-29', '2017-11-29 05:34:56', 0, 0, 0, 0),
(832, '3227', '-38.256454', '144.419564', '2017-11-29', '2017-11-29 05:34:56', 0, 0, 0, 0),
(833, '3228', '-38.332444', '144.270709', '2017-11-29', '2017-11-29 05:34:56', 0, 0, 0, 0),
(834, '3230', '-23.992438', '134.050443', '2017-11-29', '2017-11-29 05:34:56', 0, 0, 0, 0),
(835, '3231', '-23.992438', '134.050443', '2017-11-29', '2017-11-29 05:34:56', 0, 0, 0, 0),
(836, '3232', '-38.537462', '143.97552', '2017-11-29', '2017-11-29 05:34:56', 0, 0, 0, 0),
(837, '3233', '-38.726974', '143.648383', '2017-11-29', '2017-11-29 05:34:56', 0, 0, 0, 0),
(838, '3235', '-38.415994', '143.894121', '2017-11-29', '2017-11-29 05:34:56', 0, 0, 0, 0),
(839, '3236', '-38.509558', '143.699198', '2017-11-29', '2017-11-29 05:34:56', 0, 0, 0, 0),
(840, '3237', '-38.626919', '143.439087', '2017-11-29', '2017-11-29 05:34:56', 0, 0, 0, 0),
(841, '3238', '-38.761042', '143.504478', '2017-11-29', '2017-11-29 05:34:56', 0, 0, 0, 0),
(842, '3239', '-38.519358', '143.58424', '2017-11-29', '2017-11-29 05:34:56', 0, 0, 0, 0),
(843, '3240', '-38.257183', '144.129443', '2017-11-29', '2017-11-29 05:34:56', 0, 0, 0, 0),
(844, '3241', '-38.270944', '143.956687', '2017-11-29', '2017-11-29 05:34:56', 0, 0, 0, 0),
(845, '3242', '-38.229016', '143.819534', '2017-11-29', '2017-11-29 05:34:56', 0, 0, 0, 0),
(846, '3243', '-38.425757', '143.757688', '2017-11-29', '2017-11-29 05:34:56', 0, 0, 0, 0),
(847, '3249', '-38.340977', '143.500103', '2017-11-29', '2017-11-29 05:34:56', 0, 0, 0, 0),
(848, '3250', '-38.358835', '143.578547', '2017-11-29', '2017-11-29 05:34:56', 0, 0, 0, 0),
(849, '3251', '-38.118861', '143.690182', '2017-11-29', '2017-11-29 05:34:56', 0, 0, 0, 0),
(850, '3254', '-38.290053', '143.547124', '2017-11-29', '2017-11-29 05:34:56', 0, 0, 0, 0),
(851, '3260', '-38.181426', '143.25545', '2017-11-29', '2017-11-29 05:34:56', 0, 0, 0, 0),
(852, '3264', '-38.229478', '142.889552', '2017-11-29', '2017-11-29 05:34:56', 0, 0, 0, 0),
(853, '3265', '-38.234803', '142.806017', '2017-11-29', '2017-11-29 05:34:56', 0, 0, 0, 0),
(854, '3266', '-38.402253', '143.124099', '2017-11-29', '2017-11-29 05:34:56', 0, 0, 0, 0),
(855, '3267', '-38.466787', '143.080181', '2017-11-29', '2017-11-29 05:34:56', 0, 0, 0, 0),
(856, '3268', '-38.518612', '142.949314', '2017-11-29', '2017-11-29 05:34:56', 0, 0, 0, 0),
(857, '3269', '-38.631076', '143.108261', '2017-11-29', '2017-11-29 05:34:56', 0, 0, 0, 0),
(858, '3270', '-38.601887', '142.874557', '2017-11-29', '2017-11-29 05:34:56', 0, 0, 0, 0),
(859, '3272', '-37.955973', '142.879671', '2017-11-29', '2017-11-29 05:34:56', 0, 0, 0, 0),
(860, '3273', '-37.983125', '142.679373', '2017-11-29', '2017-11-29 05:34:56', 0, 0, 0, 0),
(861, '3274', '-37.915391', '142.537149', '2017-11-29', '2017-11-29 05:34:56', 0, 0, 0, 0),
(862, '3275', '-38.296574', '142.448602', '2017-11-29', '2017-11-29 05:34:56', 0, 0, 0, 0),
(863, '3276', '-38.122458', '142.464426', '2017-11-29', '2017-11-29 05:34:56', 0, 0, 0, 0),
(864, '3277', '-38.415934', '142.686217', '2017-11-29', '2017-11-29 05:34:56', 0, 0, 0, 0),
(865, '3278', '-38.296845', '142.603828', '2017-11-29', '2017-11-29 05:34:56', 0, 0, 0, 0),
(866, '3280', '-38.366756', '142.488194', '2017-11-29', '2017-11-29 05:34:56', 0, 0, 0, 0),
(867, '3281', '-38.256291', '142.517434', '2017-11-29', '2017-11-29 05:34:56', 0, 0, 0, 0),
(868, '3282', '-38.299373', '142.380698', '2017-11-29', '2017-11-29 05:34:56', 0, 0, 0, 0),
(869, '3283', '-38.226607', '142.2578', '2017-11-29', '2017-11-29 05:34:56', 0, 0, 0, 0),
(870, '3284', '-38.333996', '142.178322', '2017-11-29', '2017-11-29 05:34:56', 0, 0, 0, 0),
(871, '3285', '-38.234047', '141.924018', '2017-11-29', '2017-11-29 05:34:56', 0, 0, 0, 0),
(872, '3286', '-38.025555', '142.051968', '2017-11-29', '2017-11-29 05:34:56', 0, 0, 0, 0),
(873, '3287', '-38.05434', '142.303111', '2017-11-29', '2017-11-29 05:34:56', 0, 0, 0, 0),
(874, '3289', '-37.859175', '142.336378', '2017-11-29', '2017-11-29 05:34:56', 0, 0, 0, 0),
(875, '3292', '-37.972661', '141.096286', '2017-11-29', '2017-11-29 05:34:56', 0, 0, 0, 0),
(876, '3293', '-37.711224', '142.527201', '2017-11-29', '2017-11-29 05:34:56', 0, 0, 0, 0),
(877, '3294', '-37.46306', '142.333853', '2017-11-29', '2017-11-29 05:34:56', 0, 0, 0, 0),
(878, '3300', '-23.992438', '134.050443', '2017-11-29', '2017-11-29 05:34:56', 0, 0, 0, 0),
(879, '3301', '-37.816723', '142.061417', '2017-11-29', '2017-11-29 05:34:56', 0, 0, 0, 0),
(880, '3302', '-37.806313', '141.72985', '2017-11-29', '2017-11-29 05:34:56', 0, 0, 0, 0),
(881, '3303', '-37.971558', '141.676245', '2017-11-29', '2017-11-29 05:34:56', 0, 0, 0, 0),
(882, '3304', '-38.114657', '141.544709', '2017-11-29', '2017-11-29 05:34:56', 0, 0, 0, 0),
(883, '3305', '-38.289211', '141.530128', '2017-11-29', '2017-11-29 05:34:56', 0, 0, 0, 0),
(884, '3309', '-37.825159', '141.366848', '2017-11-29', '2017-11-29 05:34:56', 0, 0, 0, 0),
(885, '3310', '-37.699431', '141.540787', '2017-11-29', '2017-11-29 05:34:56', 0, 0, 0, 0),
(886, '3311', '-37.603148', '141.331721', '2017-11-29', '2017-11-29 05:34:56', 0, 0, 0, 0),
(887, '3312', '-23.992438', '134.050443', '2017-11-29', '2017-11-29 05:34:56', 0, 0, 0, 0),
(888, '3314', '-37.391713', '142.026644', '2017-11-29', '2017-11-29 05:34:56', 0, 0, 0, 0),
(889, '3315', '-37.439585', '141.653885', '2017-11-29', '2017-11-29 05:34:56', 0, 0, 0, 0),
(890, '3317', '-37.202035', '141.435945', '2017-11-29', '2017-11-29 05:34:56', 0, 0, 0, 0),
(891, '3318', '-37.066953', '141.305069', '2017-11-29', '2017-11-29 05:34:56', 0, 0, 0, 0),
(892, '3319', '-36.966731', '141.084115', '2017-11-29', '2017-11-29 05:34:56', 0, 0, 0, 0),
(893, '3321', '-38.085347', '143.946762', '2017-11-29', '2017-11-29 05:34:56', 0, 0, 0, 0),
(894, '3324', '-37.99812', '143.448929', '2017-11-29', '2017-11-29 05:34:56', 0, 0, 0, 0),
(895, '3325', '-37.906955', '143.172013', '2017-11-29', '2017-11-29 05:34:56', 0, 0, 0, 0),
(896, '3328', '-38.025765', '144.047895', '2017-11-29', '2017-11-29 05:34:56', 0, 0, 0, 0),
(897, '3329', '-37.974592', '143.961589', '2017-11-29', '2017-11-29 05:34:56', 0, 0, 0, 0),
(898, '3330', '-37.942994', '143.754871', '2017-11-29', '2017-11-29 05:34:56', 0, 0, 0, 0),
(899, '3331', '-37.935529', '144.190994', '2017-11-29', '2017-11-29 05:34:56', 0, 0, 0, 0),
(900, '3332', '-37.955982', '144.096548', '2017-11-29', '2017-11-29 05:34:56', 0, 0, 0, 0),
(901, '3333', '-37.861796', '144.043371', '2017-11-29', '2017-11-29 05:34:56', 0, 0, 0, 0),
(902, '3334', '-37.755827', '144.040684', '2017-11-29', '2017-11-29 05:34:56', 0, 0, 0, 0),
(903, '3335', '-37.701677', '144.677994', '2017-11-29', '2017-11-29 05:34:56', 0, 0, 0, 0),
(904, '3337', '-37.628274', '144.585777', '2017-11-29', '2017-11-29 05:34:56', 0, 0, 0, 0),
(905, '3338', '-37.740138', '144.547635', '2017-11-29', '2017-11-29 05:34:56', 0, 0, 0, 0),
(906, '3340', '-37.740606', '144.397274', '2017-11-29', '2017-11-29 05:34:56', 0, 0, 0, 0),
(907, '3341', '-37.518673', '144.330226', '2017-11-29', '2017-11-29 05:34:56', 0, 0, 0, 0),
(908, '3342', '-37.671833', '144.238147', '2017-11-29', '2017-11-29 05:34:56', 0, 0, 0, 0),
(909, '3345', '-37.528531', '144.123902', '2017-11-29', '2017-11-29 05:34:56', 0, 0, 0, 0),
(910, '3350', '-37.550664', '143.882101', '2017-11-29', '2017-11-29 05:34:56', 0, 0, 0, 0),
(911, '3351', '-37.673669', '143.167669', '2017-11-29', '2017-11-29 05:34:56', 0, 0, 0, 0),
(912, '3352', '-37.529961', '143.756359', '2017-11-29', '2017-11-29 05:34:56', 0, 0, 0, 0),
(913, '3355', '-37.515733', '143.796111', '2017-11-29', '2017-11-29 05:34:56', 0, 0, 0, 0),
(914, '3356', '-37.589329', '143.820249', '2017-11-29', '2017-11-29 05:34:56', 0, 0, 0, 0),
(915, '3357', '-37.6522', '143.900268', '2017-11-29', '2017-11-29 05:34:56', 0, 0, 0, 0),
(916, '3360', '-37.816131', '143.5416', '2017-11-29', '2017-11-29 05:34:56', 0, 0, 0, 0),
(917, '3361', '-37.685767', '143.30259', '2017-11-29', '2017-11-29 05:34:56', 0, 0, 0, 0),
(918, '3363', '-37.445308', '143.924564', '2017-11-29', '2017-11-29 05:34:56', 0, 0, 0, 0),
(919, '3364', '-23.992438', '134.050443', '2017-11-29', '2017-11-29 05:34:56', 0, 0, 0, 0),
(920, '3370', '-37.28766', '143.772171', '2017-11-29', '2017-11-29 05:34:56', 0, 0, 0, 0),
(921, '3371', '-37.149039', '143.726804', '2017-11-29', '2017-11-29 05:34:56', 0, 0, 0, 0),
(922, '3373', '-37.352129', '143.344294', '2017-11-29', '2017-11-29 05:34:56', 0, 0, 0, 0),
(923, '3374', '-37.146085', '142.844988', '2017-11-29', '2017-11-29 05:34:56', 0, 0, 0, 0),
(924, '3375', '-37.296646', '143.124669', '2017-11-29', '2017-11-29 05:34:56', 0, 0, 0, 0),
(925, '3377', '-37.282269', '142.84913', '2017-11-29', '2017-11-29 05:34:56', 0, 0, 0, 0),
(926, '3378', '-37.468383', '142.988375', '2017-11-29', '2017-11-29 05:34:56', 0, 0, 0, 0),
(927, '3379', '-37.492684', '142.618404', '2017-11-29', '2017-11-29 05:34:56', 0, 0, 0, 0),
(928, '3380', '-37.073348', '142.740301', '2017-11-29', '2017-11-29 05:34:56', 0, 0, 0, 0),
(929, '3381', '-37.117895', '142.52375', '2017-11-29', '2017-11-29 05:34:56', 0, 0, 0, 0),
(930, '3384', '-36.92045', '143.040979', '2017-11-29', '2017-11-29 05:34:56', 0, 0, 0, 0),
(931, '3385', '-36.885139', '142.717416', '2017-11-29', '2017-11-29 05:34:56', 0, 0, 0, 0),
(932, '3387', '-36.60663', '142.885128', '2017-11-29', '2017-11-29 05:34:56', 0, 0, 0, 0),
(933, '3388', '-36.632458', '142.671815', '2017-11-29', '2017-11-29 05:34:56', 0, 0, 0, 0),
(934, '3390', '-36.64697', '142.49311', '2017-11-29', '2017-11-29 05:34:56', 0, 0, 0, 0),
(935, '3391', '-36.082119', '142.365581', '2017-11-29', '2017-11-29 05:34:56', 0, 0, 0, 0),
(936, '3392', '-36.417688', '142.584016', '2017-11-29', '2017-11-29 05:34:56', 0, 0, 0, 0),
(937, '3393', '-36.260188', '142.438372', '2017-11-29', '2017-11-29 05:34:56', 0, 0, 0, 0),
(938, '3395', '-23.992438', '134.050443', '2017-11-29', '2017-11-29 05:34:56', 0, 0, 0, 0),
(939, '3396', '-35.72764', '142.363301', '2017-11-29', '2017-11-29 05:34:56', 0, 0, 0, 0),
(940, '3400', '-36.718924', '142.196228', '2017-11-29', '2017-11-29 05:34:56', 0, 0, 0, 0),
(941, '3401', '-36.78904', '141.933825', '2017-11-29', '2017-11-29 05:34:56', 0, 0, 0, 0),
(942, '3407', '-37.216011', '141.775965', '2017-11-29', '2017-11-29 05:34:56', 0, 0, 0, 0),
(943, '3409', '-36.873939', '141.779539', '2017-11-29', '2017-11-29 05:34:56', 0, 0, 0, 0),
(944, '3412', '-36.720012', '141.472764', '2017-11-29', '2017-11-29 05:34:56', 0, 0, 0, 0),
(945, '3413', '-36.743828', '141.117121', '2017-11-29', '2017-11-29 05:34:56', 0, 0, 0, 0),
(946, '3414', '-36.38765', '142.061155', '2017-11-29', '2017-11-29 05:34:56', 0, 0, 0, 0),
(947, '3418', '-36.272198', '141.631698', '2017-11-29', '2017-11-29 05:34:56', 0, 0, 0, 0),
(948, '3419', '-36.390746', '141.283117', '2017-11-29', '2017-11-29 05:34:56', 0, 0, 0, 0),
(949, '3420', '-36.114463', '141.112465', '2017-11-29', '2017-11-29 05:34:56', 0, 0, 0, 0),
(950, '3423', '-36.136823', '141.992043', '2017-11-29', '2017-11-29 05:34:56', 0, 0, 0, 0),
(951, '3424', '-35.889703', '141.98152', '2017-11-29', '2017-11-29 05:34:56', 0, 0, 0, 0),
(952, '3427', '-37.620824', '144.697636', '2017-11-29', '2017-11-29 05:34:56', 0, 0, 0, 0),
(953, '3428', '-37.635244', '144.791031', '2017-11-29', '2017-11-29 05:34:56', 0, 0, 0, 0),
(954, '3429', '-37.547139', '144.744164', '2017-11-29', '2017-11-29 05:34:56', 0, 0, 0, 0),
(955, '3430', '-23.992438', '134.050443', '2017-11-29', '2017-11-29 05:34:56', 0, 0, 0, 0),
(956, '3431', '-37.438257', '144.677704', '2017-11-29', '2017-11-29 05:34:56', 0, 0, 0, 0),
(957, '3433', '-37.396894', '144.805378', '2017-11-29', '2017-11-29 05:34:56', 0, 0, 0, 0),
(958, '3434', '-37.352345', '144.728299', '2017-11-29', '2017-11-29 05:34:56', 0, 0, 0, 0),
(959, '3435', '-37.274036', '144.748012', '2017-11-29', '2017-11-29 05:34:56', 0, 0, 0, 0),
(960, '3437', '-37.501598', '144.546684', '2017-11-29', '2017-11-29 05:34:56', 0, 0, 0, 0),
(961, '3438', '-37.452386', '144.615251', '2017-11-29', '2017-11-29 05:34:56', 0, 0, 0, 0),
(962, '3440', '-23.992438', '134.050443', '2017-11-29', '2017-11-29 05:34:56', 0, 0, 0, 0),
(963, '3441', '-37.392971', '144.593182', '2017-11-29', '2017-11-29 05:34:56', 0, 0, 0, 0),
(964, '3442', '-37.338964', '144.542393', '2017-11-29', '2017-11-29 05:34:56', 0, 0, 0, 0),
(965, '3444', '-37.130812', '144.488237', '2017-11-29', '2017-11-29 05:34:56', 0, 0, 0, 0),
(966, '3446', '-37.188804', '144.377233', '2017-11-29', '2017-11-29 05:34:56', 0, 0, 0, 0),
(967, '3447', '-37.140503', '144.349298', '2017-11-29', '2017-11-29 05:34:56', 0, 0, 0, 0),
(968, '3448', '-37.034145', '144.359302', '2017-11-29', '2017-11-29 05:34:56', 0, 0, 0, 0),
(969, '3450', '-37.057949', '144.218689', '2017-11-29', '2017-11-29 05:34:56', 0, 0, 0, 0),
(970, '3451', '-37.100099', '144.214803', '2017-11-29', '2017-11-29 05:34:56', 0, 0, 0, 0),
(971, '3453', '-36.933904', '144.238935', '2017-11-29', '2017-11-29 05:34:56', 0, 0, 0, 0),
(972, '3458', '-37.375934', '144.33763', '2017-11-29', '2017-11-29 05:34:56', 0, 0, 0, 0),
(973, '3460', '-37.352954', '144.140578', '2017-11-29', '2017-11-29 05:34:56', 0, 0, 0, 0),
(974, '3461', '-23.992438', '134.050443', '2017-11-29', '2017-11-29 05:34:56', 0, 0, 0, 0),
(975, '3462', '-37.152812', '144.016379', '2017-11-29', '2017-11-29 05:34:56', 0, 0, 0, 0),
(976, '3463', '-36.941376', '144.035689', '2017-11-29', '2017-11-29 05:34:56', 0, 0, 0, 0),
(977, '3464', '-37.045467', '143.875374', '2017-11-29', '2017-11-29 05:34:56', 0, 0, 0, 0),
(978, '3465', '-37.024339', '143.690727', '2017-11-29', '2017-11-29 05:34:56', 0, 0, 0, 0),
(979, '3467', '-37.099213', '143.491477', '2017-11-29', '2017-11-29 05:34:56', 0, 0, 0, 0),
(980, '3468', '-37.187948', '143.414816', '2017-11-29', '2017-11-29 05:34:56', 0, 0, 0, 0),
(981, '3469', '-37.113591', '143.251556', '2017-11-29', '2017-11-29 05:34:56', 0, 0, 0, 0),
(982, '3472', '-36.859371', '143.74057', '2017-11-29', '2017-11-29 05:34:56', 0, 0, 0, 0),
(983, '3475', '-36.836434', '143.568332', '2017-11-29', '2017-11-29 05:34:56', 0, 0, 0, 0),
(984, '3477', '-36.763951', '143.359182', '2017-11-29', '2017-11-29 05:34:56', 0, 0, 0, 0),
(985, '3478', '-23.992438', '134.050443', '2017-11-29', '2017-11-29 05:34:56', 0, 0, 0, 0),
(986, '3480', '-36.322384', '142.917627', '2017-11-29', '2017-11-29 05:34:56', 0, 0, 0, 0),
(987, '3482', '-36.030295', '142.88424', '2017-11-29', '2017-11-29 05:34:56', 0, 0, 0, 0),
(988, '3483', '-35.980605', '142.915983', '2017-11-29', '2017-11-29 05:34:56', 0, 0, 0, 0),
(989, '3485', '-35.682805', '142.666799', '2017-11-29', '2017-11-29 05:34:56', 0, 0, 0, 0),
(990, '3490', '-35.161192', '141.509975', '2017-11-29', '2017-11-29 05:34:56', 0, 0, 0, 0),
(991, '3491', '-35.501266', '142.410319', '2017-11-29', '2017-11-29 05:34:56', 0, 0, 0, 0),
(992, '3494', '-34.5579', '142.175082', '2017-11-29', '2017-11-29 05:34:56', 0, 0, 0, 0),
(993, '3496', '-34.3132', '141.554219', '2017-11-29', '2017-11-29 05:34:56', 0, 0, 0, 0),
(994, '3498', '-34.252569', '142.168627', '2017-11-29', '2017-11-29 05:34:56', 0, 0, 0, 0),
(995, '3500', '-34.207509', '142.125699', '2017-11-29', '2017-11-29 05:34:56', 0, 0, 0, 0),
(996, '3501', '-34.600735', '142.302293', '2017-11-29', '2017-11-29 05:34:56', 0, 0, 0, 0),
(997, '3505', '-34.181435', '142.036212', '2017-11-29', '2017-11-29 05:34:56', 0, 0, 0, 0),
(998, '3507', '-35.098252', '142.317313', '2017-11-29', '2017-11-29 05:34:56', 0, 0, 0, 0),
(999, '3509', '-35.168995', '141.809221', '2017-11-29', '2017-11-29 05:34:56', 0, 0, 0, 0),
(1000, '3512', '-35.167067', '141.409329', '2017-11-29', '2017-11-29 05:34:56', 0, 0, 0, 0),
(1001, '3515', '-36.757115', '144.13211', '2017-11-29', '2017-11-29 05:34:56', 0, 0, 0, 0),
(1002, '3516', '-36.631342', '144.016503', '2017-11-29', '2017-11-29 05:34:56', 0, 0, 0, 0),
(1003, '3517', '-36.452382', '143.882192', '2017-11-29', '2017-11-29 05:34:56', 0, 0, 0, 0),
(1004, '3518', '-36.536535', '143.571511', '2017-11-29', '2017-11-29 05:34:56', 0, 0, 0, 0),
(1005, '3520', '-36.305922', '143.603645', '2017-11-29', '2017-11-29 05:34:56', 0, 0, 0, 0),
(1006, '3521', '-37.138186', '144.819216', '2017-11-29', '2017-11-29 05:34:56', 0, 0, 0, 0),
(1007, '3522', '-37.049268', '144.711112', '2017-11-29', '2017-11-29 05:34:56', 0, 0, 0, 0),
(1008, '3523', '-36.877221', '144.669002', '2017-11-29', '2017-11-29 05:34:56', 0, 0, 0, 0),
(1009, '3525', '-36.327516', '143.319437', '2017-11-29', '2017-11-29 05:34:56', 0, 0, 0, 0),
(1010, '3527', '-36.110714', '143.311611', '2017-11-29', '2017-11-29 05:34:56', 0, 0, 0, 0),
(1011, '3530', '-35.779567', '143.196265', '2017-11-29', '2017-11-29 05:34:56', 0, 0, 0, 0),
(1012, '3531', '-35.751451', '142.862054', '2017-11-29', '2017-11-29 05:34:56', 0, 0, 0, 0),
(1013, '3533', '-23.992438', '134.050443', '2017-11-29', '2017-11-29 05:34:56', 0, 0, 0, 0),
(1014, '3537', '-36.091748', '143.698717', '2017-11-29', '2017-11-29 05:34:56', 0, 0, 0, 0),
(1015, '3540', '-35.872292', '143.565581', '2017-11-29', '2017-11-29 05:34:56', 0, 0, 0, 0),
(1016, '3542', '-35.672954', '143.523726', '2017-11-29', '2017-11-29 05:34:56', 0, 0, 0, 0),
(1017, '3544', '-35.397932', '143.210967', '2017-11-29', '2017-11-29 05:34:56', 0, 0, 0, 0),
(1018, '3546', '-35.087544', '142.911054', '2017-11-29', '2017-11-29 05:34:56', 0, 0, 0, 0),
(1019, '3549', '-34.780269', '142.79665', '2017-11-29', '2017-11-29 05:34:56', 0, 0, 0, 0),
(1020, '3550', '-36.76001', '144.289503', '2017-11-29', '2017-11-29 05:34:56', 0, 0, 0, 0),
(1021, '3551', '-36.743884', '144.342241', '2017-11-29', '2017-11-29 05:34:56', 0, 0, 0, 0),
(1022, '3555', '-36.806417', '144.242655', '2017-11-29', '2017-11-29 05:34:56', 0, 0, 0, 0),
(1023, '3556', '-36.648027', '144.189239', '2017-11-29', '2017-11-29 05:34:56', 0, 0, 0, 0),
(1024, '3557', '-36.617714', '144.500801', '2017-11-29', '2017-11-29 05:34:56', 0, 0, 0, 0),
(1025, '3558', '-36.473808', '144.463023', '2017-11-29', '2017-11-29 05:34:56', 0, 0, 0, 0),
(1026, '3559', '-36.536348', '144.778702', '2017-11-29', '2017-11-29 05:34:56', 0, 0, 0, 0),
(1027, '3561', '-36.27926', '144.67044', '2017-11-29', '2017-11-29 05:34:56', 0, 0, 0, 0),
(1028, '3562', '-36.046245', '144.527648', '2017-11-29', '2017-11-29 05:34:56', 0, 0, 0, 0),
(1029, '3563', '-36.271453', '144.498725', '2017-11-29', '2017-11-29 05:34:56', 0, 0, 0, 0),
(1030, '3564', '-36.150377', '144.778196', '2017-11-29', '2017-11-29 05:34:56', 0, 0, 0, 0),
(1031, '3566', '-35.949427', '144.354929', '2017-11-29', '2017-11-29 05:34:56', 0, 0, 0, 0),
(1032, '3567', '-35.891832', '144.320476', '2017-11-29', '2017-11-29 05:34:56', 0, 0, 0, 0),
(1033, '3568', '-35.827886', '144.195043', '2017-11-29', '2017-11-29 05:34:56', 0, 0, 0, 0),
(1034, '3570', '-36.532214', '144.212796', '2017-11-29', '2017-11-29 05:34:56', 0, 0, 0, 0),
(1035, '3571', '-36.364128', '144.215772', '2017-11-29', '2017-11-29 05:34:56', 0, 0, 0, 0),
(1036, '3572', '-36.342115', '144.450379', '2017-11-29', '2017-11-29 05:34:56', 0, 0, 0, 0),
(1037, '3573', '-36.169927', '144.244005', '2017-11-29', '2017-11-29 05:34:56', 0, 0, 0, 0),
(1038, '3575', '-36.052262', '144.054313', '2017-11-29', '2017-11-29 05:34:56', 0, 0, 0, 0),
(1039, '3579', '-35.718506', '143.944373', '2017-11-29', '2017-11-29 05:34:56', 0, 0, 0, 0),
(1040, '3580', '-35.637529', '144.12438', '2017-11-29', '2017-11-29 05:34:56', 0, 0, 0, 0),
(1041, '3581', '-35.657848', '143.811219', '2017-11-29', '2017-11-29 05:34:56', 0, 0, 0, 0),
(1042, '3584', '-35.472878', '143.681415', '2017-11-29', '2017-11-29 05:34:56', 0, 0, 0, 0),
(1043, '3585', '-35.438026', '143.475265', '2017-11-29', '2017-11-29 05:34:56', 0, 0, 0, 0),
(1044, '3586', '-35.337801', '143.619822', '2017-11-29', '2017-11-29 05:34:56', 0, 0, 0, 0),
(1045, '3588', '-35.290813', '143.452216', '2017-11-29', '2017-11-29 05:34:56', 0, 0, 0, 0),
(1046, '3589', '-35.286272', '143.454378', '2017-11-29', '2017-11-29 05:34:56', 0, 0, 0, 0),
(1047, '3590', '-35.223767', '143.472711', '2017-11-29', '2017-11-29 05:34:56', 0, 0, 0, 0),
(1048, '3591', '-35.239944', '143.38275', '2017-11-29', '2017-11-29 05:34:56', 0, 0, 0, 0),
(1049, '3594', '-23.992438', '134.050443', '2017-11-29', '2017-11-29 05:34:56', 0, 0, 0, 0),
(1050, '3595', '-35.18351', '143.335778', '2017-11-29', '2017-11-29 05:34:56', 0, 0, 0, 0),
(1051, '3596', '-35.126656', '143.344852', '2017-11-29', '2017-11-29 05:34:56', 0, 0, 0, 0),
(1052, '3597', '-34.925135', '143.176932', '2017-11-29', '2017-11-29 05:34:56', 0, 0, 0, 0),
(1053, '3608', '-36.770881', '145.082063', '2017-11-29', '2017-11-29 05:34:56', 0, 0, 0, 0),
(1054, '3610', '-36.589003', '145.216477', '2017-11-29', '2017-11-29 05:34:56', 0, 0, 0, 0),
(1055, '3612', '-36.587762', '145.037428', '2017-11-29', '2017-11-29 05:34:56', 0, 0, 0, 0),
(1056, '3614', '-36.493598', '145.323754', '2017-11-29', '2017-11-29 05:34:56', 0, 0, 0, 0),
(1057, '3616', '-36.438382', '145.187642', '2017-11-29', '2017-11-29 05:34:56', 0, 0, 0, 0),
(1058, '3617', '-36.405348', '145.112684', '2017-11-29', '2017-11-29 05:34:56', 0, 0, 0, 0),
(1059, '3618', '-36.368241', '145.150153', '2017-11-29', '2017-11-29 05:34:56', 0, 0, 0, 0),
(1060, '3620', '-36.296168', '145.02101', '2017-11-29', '2017-11-29 05:34:56', 0, 0, 0, 0),
(1061, '3621', '-36.252618', '144.967098', '2017-11-29', '2017-11-29 05:34:56', 0, 0, 0, 0),
(1062, '3622', '-36.23181', '144.881023', '2017-11-29', '2017-11-29 05:34:56', 0, 0, 0, 0),
(1063, '3623', '-36.46278', '144.941568', '2017-11-29', '2017-11-29 05:34:56', 0, 0, 0, 0),
(1064, '3624', '-36.39986', '144.949637', '2017-11-29', '2017-11-29 05:34:56', 0, 0, 0, 0),
(1065, '3629', '-36.288165', '145.254827', '2017-11-29', '2017-11-29 05:34:56', 0, 0, 0, 0),
(1066, '3630', '-36.377582', '145.403533', '2017-11-29', '2017-11-29 05:34:56', 0, 0, 0, 0),
(1067, '3631', '-36.448828', '145.503343', '2017-11-29', '2017-11-29 05:34:56', 0, 0, 0, 0),
(1068, '3633', '-36.294594', '145.469107', '2017-11-29', '2017-11-29 05:34:56', 0, 0, 0, 0),
(1069, '3634', '-36.24204', '145.466889', '2017-11-29', '2017-11-29 05:34:56', 0, 0, 0, 0),
(1070, '3635', '-36.159031', '145.369672', '2017-11-29', '2017-11-29 05:34:56', 0, 0, 0, 0),
(1071, '3636', '-36.099021', '145.506983', '2017-11-29', '2017-11-29 05:34:56', 0, 0, 0, 0),
(1072, '3637', '-35.942847', '145.254828', '2017-11-29', '2017-11-29 05:34:56', 0, 0, 0, 0),
(1073, '3638', '-23.992438', '134.050443', '2017-11-29', '2017-11-29 05:34:56', 0, 0, 0, 0),
(1074, '3639', '-35.957466', '145.053898', '2017-11-29', '2017-11-29 05:34:56', 0, 0, 0, 0),
(1075, '3640', '-36.000356', '145.498288', '2017-11-29', '2017-11-29 05:34:56', 0, 0, 0, 0),
(1076, '3641', '-35.907896', '145.435158', '2017-11-29', '2017-11-29 05:34:56', 0, 0, 0, 0),
(1077, '3644', '-35.888295', '145.650769', '2017-11-29', '2017-11-29 05:34:56', 0, 0, 0, 0),
(1078, '3646', '-36.292022', '145.699014', '2017-11-29', '2017-11-29 05:34:56', 0, 0, 0, 0),
(1079, '3649', '-36.075381', '145.692006', '2017-11-29', '2017-11-29 05:34:56', 0, 0, 0, 0),
(1080, '3658', '-37.243596', '145.120701', '2017-11-29', '2017-11-29 05:34:56', 0, 0, 0, 0),
(1081, '3659', '-37.126675', '145.151842', '2017-11-29', '2017-11-29 05:34:56', 0, 0, 0, 0),
(1082, '3660', '-37.054433', '145.284247', '2017-11-29', '2017-11-29 05:34:56', 0, 0, 0, 0),
(1083, '3662', '-36.935692', '144.948625', '2017-11-29', '2017-11-29 05:34:56', 0, 0, 0, 0),
(1084, '3663', '-36.909965', '145.183238', '2017-11-29', '2017-11-29 05:34:56', 0, 0, 0, 0),
(1085, '3664', '-36.913391', '145.32611', '2017-11-29', '2017-11-29 05:34:56', 0, 0, 0, 0),
(1086, '3666', '-36.771349', '145.560336', '2017-11-29', '2017-11-29 05:34:56', 0, 0, 0, 0),
(1087, '3669', '-36.587922', '145.737112', '2017-11-29', '2017-11-29 05:34:56', 0, 0, 0, 0),
(1088, '3670', '-36.687161', '145.88626', '2017-11-29', '2017-11-29 05:34:56', 0, 0, 0, 0),
(1089, '3672', '-36.578908', '145.996768', '2017-11-29', '2017-11-29 05:34:56', 0, 0, 0, 0),
(1090, '3673', '-36.720204', '146.116618', '2017-11-29', '2017-11-29 05:34:56', 0, 0, 0, 0),
(1091, '3675', '-36.575619', '146.259919', '2017-11-29', '2017-11-29 05:34:56', 0, 0, 0, 0),
(1092, '3677', '-36.365561', '146.313963', '2017-11-29', '2017-11-29 05:34:56', 0, 0, 0, 0),
(1093, '3678', '-36.588426', '146.449622', '2017-11-29', '2017-11-29 05:34:56', 0, 0, 0, 0),
(1094, '3682', '-36.12763', '146.398385', '2017-11-29', '2017-11-29 05:34:56', 0, 0, 0, 0),
(1095, '3683', '-36.178772', '146.602903', '2017-11-29', '2017-11-29 05:34:56', 0, 0, 0, 0),
(1096, '3685', '-36.027078', '146.505202', '2017-11-29', '2017-11-29 05:34:56', 0, 0, 0, 0),
(1097, '3687', '-36.013818', '146.401098', '2017-11-29', '2017-11-29 05:34:56', 0, 0, 0, 0),
(1098, '3688', '-36.132039', '146.699798', '2017-11-29', '2017-11-29 05:34:56', 0, 0, 0, 0),
(1099, '3690', '-36.118585', '146.88575', '2017-11-29', '2017-11-29 05:34:56', 0, 0, 0, 0),
(1100, '3691', '-36.288277', '147.018937', '2017-11-29', '2017-11-29 05:34:56', 0, 0, 0, 0),
(1101, '3694', '-23.992438', '134.050443', '2017-11-29', '2017-11-29 05:34:56', 0, 0, 0, 0),
(1102, '3695', '-23.992438', '134.050443', '2017-11-29', '2017-11-29 05:34:56', 0, 0, 0, 0),
(1103, '3697', '-36.714103', '147.193821', '2017-11-29', '2017-11-29 05:34:56', 0, 0, 0, 0),
(1104, '3698', '-36.734432', '147.152597', '2017-11-29', '2017-11-29 05:34:56', 0, 0, 0, 0),
(1105, '3699', '-36.777891', '147.208476', '2017-11-29', '2017-11-29 05:34:56', 0, 0, 0, 0),
(1106, '3700', '-36.084069', '147.3754', '2017-11-29', '2017-11-29 05:34:56', 0, 0, 0, 0),
(1107, '3701', '-36.49785', '147.425246', '2017-11-29', '2017-11-29 05:34:56', 0, 0, 0, 0);
INSERT INTO `tblPostalCodes` (`fldPostalCodeId`, `fldPostalCode`, `fldPostalCodeLat`, `fldPostalCodeLong`, `fldPostalCodeCreated`, `fldPostalCodeModified`, `fldPostalCodeDeleted`, `fldPostalUserId`, `fldPostalCodeStateId`, `fldPostalCodeRegionalId`) VALUES
(1108, '3705', '-36.184315', '147.657659', '2017-11-29', '2017-11-29 05:34:56', 0, 0, 0, 0),
(1109, '3707', '-36.426635', '147.925302', '2017-11-29', '2017-11-29 05:34:56', 0, 0, 0, 0),
(1110, '3709', '-36.039207', '147.667471', '2017-11-29', '2017-11-29 05:34:56', 0, 0, 0, 0),
(1111, '3711', '-37.422093', '145.706991', '2017-11-29', '2017-11-29 05:34:56', 0, 0, 0, 0),
(1112, '3712', '-37.269647', '145.812103', '2017-11-29', '2017-11-29 05:34:56', 0, 0, 0, 0),
(1113, '3713', '-37.388251', '145.94097', '2017-11-29', '2017-11-29 05:34:56', 0, 0, 0, 0),
(1114, '3714', '-37.227094', '145.729808', '2017-11-29', '2017-11-29 05:34:56', 0, 0, 0, 0),
(1115, '3715', '-36.989047', '145.754083', '2017-11-29', '2017-11-29 05:34:56', 0, 0, 0, 0),
(1116, '3717', '-37.316005', '145.469126', '2017-11-29', '2017-11-29 05:34:56', 0, 0, 0, 0),
(1117, '3719', '-37.074581', '145.633185', '2017-11-29', '2017-11-29 05:34:56', 0, 0, 0, 0),
(1118, '3720', '-37.017092', '145.880888', '2017-11-29', '2017-11-29 05:34:56', 0, 0, 0, 0),
(1119, '3722', '-37.049845', '146.049483', '2017-11-29', '2017-11-29 05:34:56', 0, 0, 0, 0),
(1120, '3723', '-37.240402', '146.280078', '2017-11-29', '2017-11-29 05:34:56', 0, 0, 0, 0),
(1121, '3725', '-36.418626', '145.940497', '2017-11-29', '2017-11-29 05:34:56', 0, 0, 0, 0),
(1122, '3726', '-36.374696', '146.002916', '2017-11-29', '2017-11-29 05:34:56', 0, 0, 0, 0),
(1123, '3727', '-36.198369', '145.893792', '2017-11-29', '2017-11-29 05:34:56', 0, 0, 0, 0),
(1124, '3728', '-36.150247', '146.043539', '2017-11-29', '2017-11-29 05:34:56', 0, 0, 0, 0),
(1125, '3730', '-36.058082', '145.98138', '2017-11-29', '2017-11-29 05:34:56', 0, 0, 0, 0),
(1126, '3732', '-36.594719', '146.364412', '2017-11-29', '2017-11-29 05:34:56', 0, 0, 0, 0),
(1127, '3733', '-36.780131', '146.329817', '2017-11-29', '2017-11-29 05:34:56', 0, 0, 0, 0),
(1128, '3735', '-36.562751', '146.59581', '2017-11-29', '2017-11-29 05:34:56', 0, 0, 0, 0),
(1129, '3737', '-36.809824', '146.785182', '2017-11-29', '2017-11-29 05:34:56', 0, 0, 0, 0),
(1130, '3739', '-36.627444', '146.825027', '2017-11-29', '2017-11-29 05:34:56', 0, 0, 0, 0),
(1131, '3740', '-36.786629', '146.935766', '2017-11-29', '2017-11-29 05:34:56', 0, 0, 0, 0),
(1132, '3741', '-37.001847', '147.124451', '2017-11-29', '2017-11-29 05:34:56', 0, 0, 0, 0),
(1133, '3744', '-36.773726', '146.983406', '2017-11-29', '2017-11-29 05:34:56', 0, 0, 0, 0),
(1134, '3746', '-36.310121', '146.520958', '2017-11-29', '2017-11-29 05:34:56', 0, 0, 0, 0),
(1135, '3747', '-36.342206', '146.714709', '2017-11-29', '2017-11-29 05:34:56', 0, 0, 0, 0),
(1136, '3749', '-36.356646', '146.867322', '2017-11-29', '2017-11-29 05:34:56', 0, 0, 0, 0),
(1137, '3750', '-37.596603', '145.000925', '2017-11-29', '2017-11-29 05:34:56', 0, 0, 0, 0),
(1138, '3751', '-37.54251', '145.029072', '2017-11-29', '2017-11-29 05:34:56', 0, 0, 0, 0),
(1139, '3752', '-37.631663', '145.083637', '2017-11-29', '2017-11-29 05:34:56', 0, 0, 0, 0),
(1140, '3753', '-37.479857', '145.013448', '2017-11-29', '2017-11-29 05:34:56', 0, 0, 0, 0),
(1141, '3754', '-37.594866', '145.117091', '2017-11-29', '2017-11-29 05:34:56', 0, 0, 0, 0),
(1142, '3755', '-37.546006', '145.128581', '2017-11-29', '2017-11-29 05:34:56', 0, 0, 0, 0),
(1143, '3756', '-37.432276', '144.942074', '2017-11-29', '2017-11-29 05:34:56', 0, 0, 0, 0),
(1144, '3757', '-37.4748', '145.222477', '2017-11-29', '2017-11-29 05:34:56', 0, 0, 0, 0),
(1145, '3758', '-37.361963', '144.991091', '2017-11-29', '2017-11-29 05:34:56', 0, 0, 0, 0),
(1146, '3759', '-37.644255', '145.247669', '2017-11-29', '2017-11-29 05:34:56', 0, 0, 0, 0),
(1147, '3760', '-37.627001', '145.288345', '2017-11-29', '2017-11-29 05:34:56', 0, 0, 0, 0),
(1148, '3761', '-37.583255', '145.28738', '2017-11-29', '2017-11-29 05:34:56', 0, 0, 0, 0),
(1149, '3763', '-37.552705', '145.345949', '2017-11-29', '2017-11-29 05:34:56', 0, 0, 0, 0),
(1150, '3764', '-37.260295', '144.923512', '2017-11-29', '2017-11-29 05:34:56', 0, 0, 0, 0),
(1151, '3765', '-37.811136', '145.347947', '2017-11-29', '2017-11-29 05:34:56', 0, 0, 0, 0),
(1152, '3766', '-37.819375', '145.372127', '2017-11-29', '2017-11-29 05:34:56', 0, 0, 0, 0),
(1153, '3767', '-37.832134', '145.355106', '2017-11-29', '2017-11-29 05:34:56', 0, 0, 0, 0),
(1154, '3770', '-37.711388', '145.424457', '2017-11-29', '2017-11-29 05:34:56', 0, 0, 0, 0),
(1155, '3775', '-37.619303', '145.375976', '2017-11-29', '2017-11-29 05:34:56', 0, 0, 0, 0),
(1156, '3777', '-37.588082', '145.521687', '2017-11-29', '2017-11-29 05:34:56', 0, 0, 0, 0),
(1157, '3778', '-37.511203', '145.722077', '2017-11-29', '2017-11-29 05:34:56', 0, 0, 0, 0),
(1158, '3779', '-37.511976', '145.74727', '2017-11-29', '2017-11-29 05:34:56', 0, 0, 0, 0),
(1159, '3781', '-37.929884', '145.512738', '2017-11-29', '2017-11-29 05:34:56', 0, 0, 0, 0),
(1160, '3782', '-23.992438', '134.050443', '2017-11-29', '2017-11-29 05:34:56', 0, 0, 0, 0),
(1161, '3783', '-37.945293', '145.633622', '2017-11-29', '2017-11-29 05:34:56', 0, 0, 0, 0),
(1162, '3785', '-37.878846', '145.315741', '2017-11-29', '2017-11-29 05:34:56', 0, 0, 0, 0),
(1163, '3786', '-37.875256', '145.335066', '2017-11-29', '2017-11-29 05:34:56', 0, 0, 0, 0),
(1164, '3787', '-37.867797', '145.356786', '2017-11-29', '2017-11-29 05:34:56', 0, 0, 0, 0),
(1165, '3788', '-37.843737', '145.385511', '2017-11-29', '2017-11-29 05:34:56', 0, 0, 0, 0),
(1166, '3789', '-37.891217', '145.364879', '2017-11-29', '2017-11-29 05:34:56', 0, 0, 0, 0),
(1167, '3791', '-37.901253', '145.411819', '2017-11-29', '2017-11-29 05:34:56', 0, 0, 0, 0),
(1168, '3792', '-37.89187', '145.402157', '2017-11-29', '2017-11-29 05:34:56', 0, 0, 0, 0),
(1169, '3793', '-37.874152', '145.42849', '2017-11-29', '2017-11-29 05:34:56', 0, 0, 0, 0),
(1170, '3795', '-37.834187', '145.444504', '2017-11-29', '2017-11-29 05:34:56', 0, 0, 0, 0),
(1171, '3796', '-37.787292', '145.388211', '2017-11-29', '2017-11-29 05:34:56', 0, 0, 0, 0),
(1172, '3797', '-37.845413', '145.704746', '2017-11-29', '2017-11-29 05:34:56', 0, 0, 0, 0),
(1173, '3799', '-37.672889', '145.893224', '2017-11-29', '2017-11-29 05:34:56', 0, 0, 0, 0),
(1174, '3800', '-37.910621', '145.134766', '2017-11-29', '2017-11-29 05:34:56', 0, 0, 0, 0),
(1175, '3802', '-37.970158', '145.256394', '2017-11-29', '2017-11-29 05:34:56', 0, 0, 0, 0),
(1176, '3803', '-38.00775', '145.2685', '2017-11-29', '2017-11-29 05:34:56', 0, 0, 0, 0),
(1177, '3804', '-37.966296', '145.323744', '2017-11-29', '2017-11-29 05:34:56', 0, 0, 0, 0),
(1178, '3805', '-38.035412', '145.303984', '2017-11-29', '2017-11-29 05:34:56', 0, 0, 0, 0),
(1179, '3806', '-38.027643', '145.351143', '2017-11-29', '2017-11-29 05:34:56', 0, 0, 0, 0),
(1180, '3807', '-38.032852', '145.38529', '2017-11-29', '2017-11-29 05:34:56', 0, 0, 0, 0),
(1181, '3808', '-37.994606', '145.432118', '2017-11-29', '2017-11-29 05:34:56', 0, 0, 0, 0),
(1182, '3809', '-38.054287', '145.411399', '2017-11-29', '2017-11-29 05:34:56', 0, 0, 0, 0),
(1183, '3810', '-38.0701', '145.491292', '2017-11-29', '2017-11-29 05:34:56', 0, 0, 0, 0),
(1184, '3812', '-38.076559', '145.566993', '2017-11-29', '2017-11-29 05:34:56', 0, 0, 0, 0),
(1185, '3813', '-38.053472', '145.630197', '2017-11-29', '2017-11-29 05:34:56', 0, 0, 0, 0),
(1186, '3814', '-38.09705', '145.655205', '2017-11-29', '2017-11-29 05:34:56', 0, 0, 0, 0),
(1187, '3815', '-38.08919', '145.709921', '2017-11-29', '2017-11-29 05:34:56', 0, 0, 0, 0),
(1188, '3816', '-23.992438', '134.050443', '2017-11-29', '2017-11-29 05:34:56', 0, 0, 0, 0),
(1189, '3818', '-38.159584', '145.835746', '2017-11-29', '2017-11-29 05:34:56', 0, 0, 0, 0),
(1190, '3820', '-38.149862', '145.929081', '2017-11-29', '2017-11-29 05:34:56', 0, 0, 0, 0),
(1191, '3821', '-38.161681', '145.978025', '2017-11-29', '2017-11-29 05:34:56', 0, 0, 0, 0),
(1192, '3822', '-38.199955', '145.999076', '2017-11-29', '2017-11-29 05:34:56', 0, 0, 0, 0),
(1193, '3823', '-38.234044', '146.064618', '2017-11-29', '2017-11-29 05:34:56', 0, 0, 0, 0),
(1194, '3824', '-38.228969', '146.167935', '2017-11-29', '2017-11-29 05:34:56', 0, 0, 0, 0),
(1195, '3825', '-38.053783', '146.307066', '2017-11-29', '2017-11-29 05:34:56', 0, 0, 0, 0),
(1196, '3831', '-37.991881', '146.026042', '2017-11-29', '2017-11-29 05:34:56', 0, 0, 0, 0),
(1197, '3832', '-37.933225', '145.955288', '2017-11-29', '2017-11-29 05:34:56', 0, 0, 0, 0),
(1198, '3833', '-37.814783', '146.186882', '2017-11-29', '2017-11-29 05:34:56', 0, 0, 0, 0),
(1199, '3835', '-38.30016', '146.173198', '2017-11-29', '2017-11-29 05:34:56', 0, 0, 0, 0),
(1200, '3840', '-38.259308', '146.407471', '2017-11-29', '2017-11-29 05:34:56', 0, 0, 0, 0),
(1201, '3842', '-38.316107', '146.423614', '2017-11-29', '2017-11-29 05:34:56', 0, 0, 0, 0),
(1202, '3844', '-38.26743', '146.598194', '2017-11-29', '2017-11-29 05:34:56', 0, 0, 0, 0),
(1203, '3847', '-38.30387', '146.903252', '2017-11-29', '2017-11-29 05:34:56', 0, 0, 0, 0),
(1204, '3850', '-38.104656', '147.05627', '2017-11-29', '2017-11-29 05:34:56', 0, 0, 0, 0),
(1205, '3851', '-38.179667', '147.148913', '2017-11-29', '2017-11-29 05:34:56', 0, 0, 0, 0),
(1206, '3852', '-38.102841', '147.135976', '2017-11-29', '2017-11-29 05:34:56', 0, 0, 0, 0),
(1207, '3854', '-38.107492', '146.609927', '2017-11-29', '2017-11-29 05:34:56', 0, 0, 0, 0),
(1208, '3856', '-38.021669', '146.568332', '2017-11-29', '2017-11-29 05:34:56', 0, 0, 0, 0),
(1209, '3857', '-23.992438', '134.050443', '2017-11-29', '2017-11-29 05:34:56', 0, 0, 0, 0),
(1210, '3858', '-37.551321', '146.799392', '2017-11-29', '2017-11-29 05:34:56', 0, 0, 0, 0),
(1211, '3859', '-37.936603', '146.895838', '2017-11-29', '2017-11-29 05:34:56', 0, 0, 0, 0),
(1212, '3860', '-37.797153', '146.946101', '2017-11-29', '2017-11-29 05:34:56', 0, 0, 0, 0),
(1213, '3862', '-37.576642', '147.431936', '2017-11-29', '2017-11-29 05:34:56', 0, 0, 0, 0),
(1214, '3864', '-37.72669', '147.302712', '2017-11-29', '2017-11-29 05:34:56', 0, 0, 0, 0),
(1215, '3865', '-23.992438', '134.050443', '2017-11-29', '2017-11-29 05:34:56', 0, 0, 0, 0),
(1216, '3869', '-38.354741', '146.342009', '2017-11-29', '2017-11-29 05:34:56', 0, 0, 0, 0),
(1217, '3870', '-38.418035', '146.395773', '2017-11-29', '2017-11-29 05:34:56', 0, 0, 0, 0),
(1218, '3871', '-38.431239', '146.184632', '2017-11-29', '2017-11-29 05:34:56', 0, 0, 0, 0),
(1219, '3873', '-38.288543', '146.73646', '2017-11-29', '2017-11-29 05:34:56', 0, 0, 0, 0),
(1220, '3874', '-38.525967', '146.894775', '2017-11-29', '2017-11-29 05:34:56', 0, 0, 0, 0),
(1221, '3875', '-37.853569', '147.545627', '2017-11-29', '2017-11-29 05:34:56', 0, 0, 0, 0),
(1222, '3878', '-37.890138', '147.688845', '2017-11-29', '2017-11-29 05:34:56', 0, 0, 0, 0),
(1223, '3880', '-37.998206', '147.640274', '2017-11-29', '2017-11-29 05:34:56', 0, 0, 0, 0),
(1224, '3882', '-37.811153', '147.750172', '2017-11-29', '2017-11-29 05:34:56', 0, 0, 0, 0),
(1225, '3885', '-37.179401', '148.068933', '2017-11-29', '2017-11-29 05:34:56', 0, 0, 0, 0),
(1226, '3886', '-37.767788', '148.428062', '2017-11-29', '2017-11-29 05:34:56', 0, 0, 0, 0),
(1227, '3887', '-37.735652', '148.039474', '2017-11-29', '2017-11-29 05:34:56', 0, 0, 0, 0),
(1228, '3888', '-37.351089', '148.557957', '2017-11-29', '2017-11-29 05:34:56', 0, 0, 0, 0),
(1229, '3889', '-37.505248', '149.111072', '2017-11-29', '2017-11-29 05:34:56', 0, 0, 0, 0),
(1230, '3890', '-23.992438', '134.050443', '2017-11-29', '2017-11-29 05:34:56', 0, 0, 0, 0),
(1231, '3891', '-37.542268', '149.562854', '2017-11-29', '2017-11-29 05:34:56', 0, 0, 0, 0),
(1232, '3892', '-37.547963', '149.744832', '2017-11-29', '2017-11-29 05:34:56', 0, 0, 0, 0),
(1233, '3895', '-37.460176', '147.88232', '2017-11-29', '2017-11-29 05:34:56', 0, 0, 0, 0),
(1234, '3896', '-37.20009', '147.742381', '2017-11-29', '2017-11-29 05:34:56', 0, 0, 0, 0),
(1235, '3898', '-37.108999', '147.558423', '2017-11-29', '2017-11-29 05:34:56', 0, 0, 0, 0),
(1236, '3900', '-36.881539', '147.622606', '2017-11-29', '2017-11-29 05:34:56', 0, 0, 0, 0),
(1237, '3902', '-37.81617', '147.811456', '2017-11-29', '2017-11-29 05:34:56', 0, 0, 0, 0),
(1238, '3903', '-23.992438', '134.050443', '2017-11-29', '2017-11-29 05:34:56', 0, 0, 0, 0),
(1239, '3904', '-37.863774', '147.841993', '2017-11-29', '2017-11-29 05:34:56', 0, 0, 0, 0),
(1240, '3909', '-37.843672', '147.960015', '2017-11-29', '2017-11-29 05:34:56', 0, 0, 0, 0),
(1241, '3910', '-38.154571', '145.197427', '2017-11-29', '2017-11-29 05:34:56', 0, 0, 0, 0),
(1242, '3911', '-38.195355', '145.172878', '2017-11-29', '2017-11-29 05:34:56', 0, 0, 0, 0),
(1243, '3912', '-38.215464', '145.222539', '2017-11-29', '2017-11-29 05:34:56', 0, 0, 0, 0),
(1244, '3913', '-38.263711', '145.187138', '2017-11-29', '2017-11-29 05:34:56', 0, 0, 0, 0),
(1245, '3915', '-38.297935', '145.131645', '2017-11-29', '2017-11-29 05:34:56', 0, 0, 0, 0),
(1246, '3916', '-38.419393', '145.061141', '2017-11-29', '2017-11-29 05:34:56', 0, 0, 0, 0),
(1247, '3918', '-38.337437', '145.177868', '2017-11-29', '2017-11-29 05:34:56', 0, 0, 0, 0),
(1248, '3919', '-38.352354', '145.202887', '2017-11-29', '2017-11-29 05:34:56', 0, 0, 0, 0),
(1249, '3920', '-38.381071', '145.19822', '2017-11-29', '2017-11-29 05:34:56', 0, 0, 0, 0),
(1250, '3921', '-38.350014', '145.364899', '2017-11-29', '2017-11-29 05:34:56', 0, 0, 0, 0),
(1251, '3922', '-38.485927', '145.210306', '2017-11-29', '2017-11-29 05:34:56', 0, 0, 0, 0),
(1252, '3923', '-38.490093', '145.294101', '2017-11-29', '2017-11-29 05:34:56', 0, 0, 0, 0),
(1253, '3925', '-38.535118', '145.357146', '2017-11-29', '2017-11-29 05:34:56', 0, 0, 0, 0),
(1254, '3926', '-38.353676', '145.11334', '2017-11-29', '2017-11-29 05:34:56', 0, 0, 0, 0),
(1255, '3927', '-38.392324', '145.17261', '2017-11-29', '2017-11-29 05:34:56', 0, 0, 0, 0),
(1256, '3928', '-38.400321', '144.96658', '2017-11-29', '2017-11-29 05:34:56', 0, 0, 0, 0),
(1257, '3929', '-23.992438', '134.050443', '2017-11-29', '2017-11-29 05:34:56', 0, 0, 0, 0),
(1258, '3930', '-38.195076', '145.092892', '2017-11-29', '2017-11-29 05:34:56', 0, 0, 0, 0),
(1259, '3931', '-38.230432', '145.060281', '2017-11-29', '2017-11-29 05:34:56', 0, 0, 0, 0),
(1260, '3933', '-38.24703', '145.118995', '2017-11-29', '2017-11-29 05:34:56', 0, 0, 0, 0),
(1261, '3934', '-38.275444', '145.030734', '2017-11-29', '2017-11-29 05:34:56', 0, 0, 0, 0),
(1262, '3936', '-38.335856', '144.999117', '2017-11-29', '2017-11-29 05:34:56', 0, 0, 0, 0),
(1263, '3937', '-38.388188', '145.03582', '2017-11-29', '2017-11-29 05:34:56', 0, 0, 0, 0),
(1264, '3938', '-38.35997', '144.93383', '2017-11-29', '2017-11-29 05:34:56', 0, 0, 0, 0),
(1265, '3939', '-38.421521', '144.892734', '2017-11-29', '2017-11-29 05:34:56', 0, 0, 0, 0),
(1266, '3940', '-38.373721', '144.875529', '2017-11-29', '2017-11-29 05:34:56', 0, 0, 0, 0),
(1267, '3941', '-38.386921', '144.819609', '2017-11-29', '2017-11-29 05:34:56', 0, 0, 0, 0),
(1268, '3942', '-38.368731', '144.772272', '2017-11-29', '2017-11-29 05:34:56', 0, 0, 0, 0),
(1269, '3943', '-38.344718', '144.742064', '2017-11-29', '2017-11-29 05:34:56', 0, 0, 0, 0),
(1270, '3944', '-38.322783', '144.700397', '2017-11-29', '2017-11-29 05:34:56', 0, 0, 0, 0),
(1271, '3945', '-38.38845', '145.71278', '2017-11-29', '2017-11-29 05:34:56', 0, 0, 0, 0),
(1272, '3950', '-38.40247', '145.845478', '2017-11-29', '2017-11-29 05:34:56', 0, 0, 0, 0),
(1273, '3951', '-38.478146', '145.772282', '2017-11-29', '2017-11-29 05:34:56', 0, 0, 0, 0),
(1274, '3953', '-38.45505', '145.96336', '2017-11-29', '2017-11-29 05:34:56', 0, 0, 0, 0),
(1275, '3954', '-38.559807', '145.952056', '2017-11-29', '2017-11-29 05:34:56', 0, 0, 0, 0),
(1276, '3956', '-38.698251', '145.947156', '2017-11-29', '2017-11-29 05:34:56', 0, 0, 0, 0),
(1277, '3957', '-38.599502', '146.121206', '2017-11-29', '2017-11-29 05:34:56', 0, 0, 0, 0),
(1278, '3958', '-38.662154', '145.987333', '2017-11-29', '2017-11-29 05:34:56', 0, 0, 0, 0),
(1279, '3959', '-38.723968', '146.078642', '2017-11-29', '2017-11-29 05:34:56', 0, 0, 0, 0),
(1280, '3960', '-38.848913', '146.298388', '2017-11-29', '2017-11-29 05:34:56', 0, 0, 0, 0),
(1281, '3962', '-38.633921', '146.334155', '2017-11-29', '2017-11-29 05:34:56', 0, 0, 0, 0),
(1282, '3965', '-38.697408', '146.459087', '2017-11-29', '2017-11-29 05:34:56', 0, 0, 0, 0),
(1283, '3966', '-38.573559', '146.45298', '2017-11-29', '2017-11-29 05:34:56', 0, 0, 0, 0),
(1284, '3971', '-38.566496', '146.661781', '2017-11-29', '2017-11-29 05:34:56', 0, 0, 0, 0),
(1285, '3975', '-38.061991', '145.253149', '2017-11-29', '2017-11-29 05:34:56', 0, 0, 0, 0),
(1286, '3976', '-38.038599', '145.268601', '2017-11-29', '2017-11-29 05:34:56', 0, 0, 0, 0),
(1287, '3977', '-38.137571', '145.291702', '2017-11-29', '2017-11-29 05:34:56', 0, 0, 0, 0),
(1288, '3978', '-38.135863', '145.390679', '2017-11-29', '2017-11-29 05:34:56', 0, 0, 0, 0),
(1289, '3979', '-38.479549', '145.617631', '2017-11-29', '2017-11-29 05:34:56', 0, 0, 0, 0),
(1290, '3980', '-38.202026', '145.380271', '2017-11-29', '2017-11-29 05:34:56', 0, 0, 0, 0),
(1291, '3981', '-38.208936', '145.585342', '2017-11-29', '2017-11-29 05:34:56', 0, 0, 0, 0),
(1292, '3984', '-38.331979', '145.555573', '2017-11-29', '2017-11-29 05:34:56', 0, 0, 0, 0),
(1293, '3987', '-38.316755', '145.660629', '2017-11-29', '2017-11-29 05:34:56', 0, 0, 0, 0),
(1294, '3988', '-38.314789', '145.770191', '2017-11-29', '2017-11-29 05:34:56', 0, 0, 0, 0),
(1295, '3991', '-38.489942', '145.456164', '2017-11-29', '2017-11-29 05:34:56', 0, 0, 0, 0),
(1296, '3992', '-38.559131', '145.5362', '2017-11-29', '2017-11-29 05:34:56', 0, 0, 0, 0),
(1297, '3995', '-38.571601', '145.610853', '2017-11-29', '2017-11-29 05:34:56', 0, 0, 0, 0),
(1298, '3996', '-38.622418', '145.718152', '2017-11-29', '2017-11-29 05:34:56', 0, 0, 0, 0),
(1299, '4000', '-27.465014', '153.023396', '2017-11-29', '2017-11-29 05:34:56', 0, 0, 0, 0),
(1300, '4005', '-27.466642', '153.045865', '2017-11-29', '2017-11-29 05:34:56', 0, 0, 0, 0),
(1301, '4006', '-27.450076', '153.034298', '2017-11-29', '2017-11-29 05:34:56', 0, 0, 0, 0),
(1302, '4007', '-27.432464', '153.063734', '2017-11-29', '2017-11-29 05:34:56', 0, 0, 0, 0),
(1303, '4008', '-27.394017', '153.117253', '2017-11-29', '2017-11-29 05:34:56', 0, 0, 0, 0),
(1304, '4009', '-27.437397', '153.089102', '2017-11-29', '2017-11-29 05:34:56', 0, 0, 0, 0),
(1305, '4010', '-27.432847', '153.043773', '2017-11-29', '2017-11-29 05:34:56', 0, 0, 0, 0),
(1306, '4011', '-27.418478', '153.062017', '2017-11-29', '2017-11-29 05:34:56', 0, 0, 0, 0),
(1307, '4012', '-27.397398', '153.054876', '2017-11-29', '2017-11-29 05:34:56', 0, 0, 0, 0),
(1308, '4013', '-27.391756', '153.072837', '2017-11-29', '2017-11-29 05:34:56', 0, 0, 0, 0),
(1309, '4014', '-27.369023', '153.084033', '2017-11-29', '2017-11-29 05:34:56', 0, 0, 0, 0),
(1310, '4017', '-27.314001', '153.050171', '2017-11-29', '2017-11-29 05:34:56', 0, 0, 0, 0),
(1311, '4018', '-27.34061', '153.038797', '2017-11-29', '2017-11-29 05:34:56', 0, 0, 0, 0),
(1312, '4019', '-27.247311', '153.090521', '2017-11-29', '2017-11-29 05:34:56', 0, 0, 0, 0),
(1313, '4020', '-27.214155', '153.101184', '2017-11-29', '2017-11-29 05:34:56', 0, 0, 0, 0),
(1314, '4021', '-27.224577', '153.083579', '2017-11-29', '2017-11-29 05:34:56', 0, 0, 0, 0),
(1315, '4022', '-27.211336', '153.054355', '2017-11-29', '2017-11-29 05:34:56', 0, 0, 0, 0),
(1316, '4025', '-27.163966', '153.39507', '2017-11-29', '2017-11-29 05:34:56', 0, 0, 0, 0),
(1317, '4030', '-27.425441', '153.035545', '2017-11-29', '2017-11-29 05:34:56', 0, 0, 0, 0),
(1318, '4031', '-27.406137', '153.03048', '2017-11-29', '2017-11-29 05:34:56', 0, 0, 0, 0),
(1319, '4032', '-27.384294', '153.022308', '2017-11-29', '2017-11-29 05:34:56', 0, 0, 0, 0),
(1320, '4034', '-27.356723', '153.042015', '2017-11-29', '2017-11-29 05:34:56', 0, 0, 0, 0),
(1321, '4035', '-27.353374', '152.980461', '2017-11-29', '2017-11-29 05:34:56', 0, 0, 0, 0),
(1322, '4036', '-27.307469', '153.019532', '2017-11-29', '2017-11-29 05:34:56', 0, 0, 0, 0),
(1323, '4037', '-27.339984', '152.936959', '2017-11-29', '2017-11-29 05:34:56', 0, 0, 0, 0),
(1324, '4051', '-27.427841', '152.990347', '2017-11-29', '2017-11-29 05:34:56', 0, 0, 0, 0),
(1325, '4053', '-27.398502', '152.988807', '2017-11-29', '2017-11-29 05:34:56', 0, 0, 0, 0),
(1326, '4054', '-27.405671', '152.952899', '2017-11-29', '2017-11-29 05:34:56', 0, 0, 0, 0),
(1327, '4055', '-27.39097', '152.930152', '2017-11-29', '2017-11-29 05:34:56', 0, 0, 0, 0),
(1328, '4059', '-27.450674', '153.006994', '2017-11-29', '2017-11-29 05:34:56', 0, 0, 0, 0),
(1329, '4060', '-27.444289', '152.981906', '2017-11-29', '2017-11-29 05:34:56', 0, 0, 0, 0),
(1330, '4061', '-27.445904', '152.941254', '2017-11-29', '2017-11-29 05:34:56', 0, 0, 0, 0),
(1331, '4064', '-27.463019', '152.999679', '2017-11-29', '2017-11-29 05:34:56', 0, 0, 0, 0),
(1332, '4065', '-27.460995', '152.979205', '2017-11-29', '2017-11-29 05:34:56', 0, 0, 0, 0),
(1333, '4066', '-27.476269', '152.9588', '2017-11-29', '2017-11-29 05:34:56', 0, 0, 0, 0),
(1334, '4067', '-27.498233', '153.00026', '2017-11-29', '2017-11-29 05:34:56', 0, 0, 0, 0),
(1335, '4068', '-27.505036', '152.979422', '2017-11-29', '2017-11-29 05:34:56', 0, 0, 0, 0),
(1336, '4069', '-27.494541', '152.889199', '2017-11-29', '2017-11-29 05:34:56', 0, 0, 0, 0),
(1337, '4070', '-27.556496', '152.871048', '2017-11-29', '2017-11-29 05:34:56', 0, 0, 0, 0),
(1338, '4072', '-27.49779', '153.013263', '2017-11-29', '2017-11-29 05:34:56', 0, 0, 0, 0),
(1339, '4073', '-27.546149', '152.952413', '2017-11-29', '2017-11-29 05:34:56', 0, 0, 0, 0),
(1340, '4074', '-27.55124', '152.926371', '2017-11-29', '2017-11-29 05:34:56', 0, 0, 0, 0),
(1341, '4075', '-27.547866', '152.979177', '2017-11-29', '2017-11-29 05:34:56', 0, 0, 0, 0),
(1342, '4076', '-27.582298', '152.92873', '2017-11-29', '2017-11-29 05:34:56', 0, 0, 0, 0),
(1343, '4077', '-27.595463', '152.972044', '2017-11-29', '2017-11-29 05:34:56', 0, 0, 0, 0),
(1344, '4078', '-27.620831', '152.961022', '2017-11-29', '2017-11-29 05:34:56', 0, 0, 0, 0),
(1345, '4101', '-27.482734', '153.014109', '2017-11-29', '2017-11-29 05:34:56', 0, 0, 0, 0),
(1346, '4102', '-27.493776', '153.033813', '2017-11-29', '2017-11-29 05:34:56', 0, 0, 0, 0),
(1347, '4103', '-27.510729', '153.029829', '2017-11-29', '2017-11-29 05:34:56', 0, 0, 0, 0),
(1348, '4104', '-27.513861', '153.013396', '2017-11-29', '2017-11-29 05:34:56', 0, 0, 0, 0),
(1349, '4105', '-27.531875', '153.017455', '2017-11-29', '2017-11-29 05:34:56', 0, 0, 0, 0),
(1350, '4106', '-27.55732', '153.003052', '2017-11-29', '2017-11-29 05:34:56', 0, 0, 0, 0),
(1351, '4107', '-27.551449', '153.032503', '2017-11-29', '2017-11-29 05:34:56', 0, 0, 0, 0),
(1352, '4108', '-27.566106', '153.032455', '2017-11-29', '2017-11-29 05:34:56', 0, 0, 0, 0),
(1353, '4109', '-27.581852', '153.058594', '2017-11-29', '2017-11-29 05:34:56', 0, 0, 0, 0),
(1354, '4110', '-27.612826', '153.009131', '2017-11-29', '2017-11-29 05:34:56', 0, 0, 0, 0),
(1355, '4111', '-27.547866', '153.05221', '2017-11-29', '2017-11-29 05:34:56', 0, 0, 0, 0),
(1356, '4112', '-27.606827', '153.093672', '2017-11-29', '2017-11-29 05:34:56', 0, 0, 0, 0),
(1357, '4113', '-27.588089', '153.085014', '2017-11-29', '2017-11-29 05:34:56', 0, 0, 0, 0),
(1358, '4114', '-27.646469', '153.111802', '2017-11-29', '2017-11-29 05:34:56', 0, 0, 0, 0),
(1359, '4115', '-27.633648', '153.030595', '2017-11-29', '2017-11-29 05:34:56', 0, 0, 0, 0),
(1360, '4116', '-27.630431', '153.053658', '2017-11-29', '2017-11-29 05:34:56', 0, 0, 0, 0),
(1361, '4117', '-27.64285', '153.079773', '2017-11-29', '2017-11-29 05:34:56', 0, 0, 0, 0),
(1362, '4118', '-27.670848', '153.03497', '2017-11-29', '2017-11-29 05:34:56', 0, 0, 0, 0),
(1363, '4119', '-27.608854', '153.111296', '2017-11-29', '2017-11-29 05:34:56', 0, 0, 0, 0),
(1364, '4120', '-27.507116', '153.047718', '2017-11-29', '2017-11-29 05:34:56', 0, 0, 0, 0),
(1365, '4121', '-27.524175', '153.056977', '2017-11-29', '2017-11-29 05:34:56', 0, 0, 0, 0),
(1366, '4122', '-27.542361', '153.091267', '2017-11-29', '2017-11-29 05:34:56', 0, 0, 0, 0),
(1367, '4123', '-27.578951', '153.125752', '2017-11-29', '2017-11-29 05:34:56', 0, 0, 0, 0),
(1368, '4124', '-27.755734', '152.915083', '2017-11-29', '2017-11-29 05:34:56', 0, 0, 0, 0),
(1369, '4125', '-27.723353', '153.047138', '2017-11-29', '2017-11-29 05:34:56', 0, 0, 0, 0),
(1370, '4127', '-27.625033', '153.149795', '2017-11-29', '2017-11-29 05:34:56', 0, 0, 0, 0),
(1371, '4128', '-27.65705', '153.175083', '2017-11-29', '2017-11-29 05:34:56', 0, 0, 0, 0),
(1372, '4129', '-27.683854', '153.186742', '2017-11-29', '2017-11-29 05:34:56', 0, 0, 0, 0),
(1373, '4130', '-27.668721', '153.238944', '2017-11-29', '2017-11-29 05:34:56', 0, 0, 0, 0),
(1374, '4131', '-27.670331', '153.138875', '2017-11-29', '2017-11-29 05:34:56', 0, 0, 0, 0),
(1375, '4132', '-27.680641', '153.090763', '2017-11-29', '2017-11-29 05:34:56', 0, 0, 0, 0),
(1376, '4133', '-27.727179', '153.101087', '2017-11-29', '2017-11-29 05:34:56', 0, 0, 0, 0),
(1377, '4151', '-27.498899', '153.061519', '2017-11-29', '2017-11-29 05:34:56', 0, 0, 0, 0),
(1378, '4152', '-27.502708', '153.099963', '2017-11-29', '2017-11-29 05:34:56', 0, 0, 0, 0),
(1379, '4153', '-27.508626', '153.134363', '2017-11-29', '2017-11-29 05:34:56', 0, 0, 0, 0),
(1380, '4154', '-27.488486', '153.165873', '2017-11-29', '2017-11-29 05:34:56', 0, 0, 0, 0),
(1381, '4155', '-27.517384', '153.159421', '2017-11-29', '2017-11-29 05:34:56', 0, 0, 0, 0),
(1382, '4156', '-27.560557', '153.157559', '2017-11-29', '2017-11-29 05:34:56', 0, 0, 0, 0),
(1383, '4157', '-27.560216', '153.199421', '2017-11-29', '2017-11-29 05:34:56', 0, 0, 0, 0),
(1384, '4158', '-27.484585', '153.201009', '2017-11-29', '2017-11-29 05:34:56', 0, 0, 0, 0),
(1385, '4159', '-27.499544', '153.21003', '2017-11-29', '2017-11-29 05:34:56', 0, 0, 0, 0),
(1386, '4160', '-27.500282', '153.245454', '2017-11-29', '2017-11-29 05:34:56', 0, 0, 0, 0),
(1387, '4161', '-27.532211', '153.228886', '2017-11-29', '2017-11-29 05:34:56', 0, 0, 0, 0),
(1388, '4163', '-27.532983', '153.267531', '2017-11-29', '2017-11-29 05:34:56', 0, 0, 0, 0),
(1389, '4164', '-27.56757', '153.260817', '2017-11-29', '2017-11-29 05:34:56', 0, 0, 0, 0),
(1390, '4165', '-27.628455', '153.263257', '2017-11-29', '2017-11-29 05:34:56', 0, 0, 0, 0),
(1391, '4169', '-27.481168', '153.042857', '2017-11-29', '2017-11-29 05:34:56', 0, 0, 0, 0),
(1392, '4170', '-27.47093', '153.079693', '2017-11-29', '2017-11-29 05:34:56', 0, 0, 0, 0),
(1393, '4171', '-27.455199', '153.061643', '2017-11-29', '2017-11-29 05:34:56', 0, 0, 0, 0),
(1394, '4172', '-27.45416', '153.108225', '2017-11-29', '2017-11-29 05:34:56', 0, 0, 0, 0),
(1395, '4173', '-27.473598', '153.127041', '2017-11-29', '2017-11-29 05:34:56', 0, 0, 0, 0),
(1396, '4174', '-27.447755', '153.131736', '2017-11-29', '2017-11-29 05:34:56', 0, 0, 0, 0),
(1397, '4178', '-23.992438', '134.050443', '2017-11-29', '2017-11-29 05:34:56', 0, 0, 0, 0),
(1398, '4179', '-27.465324', '153.174527', '2017-11-29', '2017-11-29 05:34:56', 0, 0, 0, 0),
(1399, '4183', '-27.54553', '153.45255', '2017-11-29', '2017-11-29 05:34:56', 0, 0, 0, 0),
(1400, '4184', '-23.992438', '134.050443', '2017-11-29', '2017-11-29 05:34:56', 0, 0, 0, 0),
(1401, '4205', '-27.686701', '153.157251', '2017-11-29', '2017-11-29 05:34:56', 0, 0, 0, 0),
(1402, '4207', '-27.767626', '153.200144', '2017-11-29', '2017-11-29 05:34:56', 0, 0, 0, 0),
(1403, '4208', '-27.78578', '153.284546', '2017-11-29', '2017-11-29 05:34:56', 0, 0, 0, 0),
(1404, '4209', '-27.841612', '153.303101', '2017-11-29', '2017-11-29 05:34:56', 0, 0, 0, 0),
(1405, '4210', '-27.912218', '153.254537', '2017-11-29', '2017-11-29 05:34:56', 0, 0, 0, 0),
(1406, '4211', '-28.077389', '153.260378', '2017-11-29', '2017-11-29 05:34:56', 0, 0, 0, 0),
(1407, '4212', '-27.809446', '153.377097', '2017-11-29', '2017-11-29 05:34:56', 0, 0, 0, 0),
(1408, '4213', '-28.135199', '153.31875', '2017-11-29', '2017-11-29 05:34:56', 0, 0, 0, 0),
(1409, '4214', '-27.961768', '153.36543', '2017-11-29', '2017-11-29 05:34:56', 0, 0, 0, 0),
(1410, '4215', '-23.992438', '134.050443', '2017-11-29', '2017-11-29 05:34:56', 0, 0, 0, 0),
(1411, '4216', '-23.992438', '134.050443', '2017-11-29', '2017-11-29 05:34:56', 0, 0, 0, 0),
(1412, '4217', '-27.998557', '153.40731', '2017-11-29', '2017-11-29 05:34:56', 0, 0, 0, 0),
(1413, '4218', '-28.039586', '153.421692', '2017-11-29', '2017-11-29 05:34:56', 0, 0, 0, 0),
(1414, '4219', '-23.992438', '134.050443', '2017-11-29', '2017-11-29 05:34:56', 0, 0, 0, 0),
(1415, '4220', '-28.092804', '153.433016', '2017-11-29', '2017-11-29 05:34:56', 0, 0, 0, 0),
(1416, '4221', '-28.127522', '153.454987', '2017-11-29', '2017-11-29 05:34:56', 0, 0, 0, 0),
(1417, '4223', '-28.193308', '153.41305', '2017-11-29', '2017-11-29 05:34:56', 0, 0, 0, 0),
(1418, '4224', '-28.148199', '153.491084', '2017-11-29', '2017-11-29 05:34:56', 0, 0, 0, 0),
(1419, '4225', '-23.992438', '134.050443', '2017-11-29', '2017-11-29 05:34:56', 0, 0, 0, 0),
(1420, '4226', '-28.059551', '153.387999', '2017-11-29', '2017-11-29 05:34:56', 0, 0, 0, 0),
(1421, '4227', '-28.101836', '153.403152', '2017-11-29', '2017-11-29 05:34:56', 0, 0, 0, 0),
(1422, '4228', '-28.180207', '153.372261', '2017-11-29', '2017-11-29 05:34:56', 0, 0, 0, 0),
(1423, '4229', '-23.992438', '134.050443', '2017-11-29', '2017-11-29 05:34:56', 0, 0, 0, 0),
(1424, '4230', '-23.992438', '134.050443', '2017-11-29', '2017-11-29 05:34:56', 0, 0, 0, 0),
(1425, '4270', '-27.872049', '153.133183', '2017-11-29', '2017-11-29 05:34:56', 0, 0, 0, 0),
(1426, '4271', '-23.992438', '134.050443', '2017-11-29', '2017-11-29 05:34:56', 0, 0, 0, 0),
(1427, '4272', '-27.943438', '153.189995', '2017-11-29', '2017-11-29 05:34:56', 0, 0, 0, 0),
(1428, '4275', '-28.137972', '153.141069', '2017-11-29', '2017-11-29 05:34:56', 0, 0, 0, 0),
(1429, '4280', '-27.81058', '153.016733', '2017-11-29', '2017-11-29 05:34:56', 0, 0, 0, 0),
(1430, '4285', '-28.090365', '152.968758', '2017-11-29', '2017-11-29 05:34:56', 0, 0, 0, 0),
(1431, '4287', '-28.232564', '152.778393', '2017-11-29', '2017-11-29 05:34:56', 0, 0, 0, 0),
(1432, '4300', '-27.643582', '152.905509', '2017-11-29', '2017-11-29 05:34:56', 0, 0, 0, 0),
(1433, '4301', '-27.634108', '152.856523', '2017-11-29', '2017-11-29 05:34:56', 0, 0, 0, 0),
(1434, '4303', '-27.602389', '152.83722', '2017-11-29', '2017-11-29 05:34:56', 0, 0, 0, 0),
(1435, '4304', '-27.608798', '152.803759', '2017-11-29', '2017-11-29 05:34:56', 0, 0, 0, 0),
(1436, '4305', '-27.619284', '152.755943', '2017-11-29', '2017-11-29 05:34:56', 0, 0, 0, 0),
(1437, '4306', '-27.264517', '152.521633', '2017-11-29', '2017-11-29 05:34:56', 0, 0, 0, 0),
(1438, '4307', '-23.992438', '134.050443', '2017-11-29', '2017-11-29 05:34:56', 0, 0, 0, 0),
(1439, '4309', '-28.022142', '152.513828', '2017-11-29', '2017-11-29 05:34:56', 0, 0, 0, 0),
(1440, '4310', '-28.062314', '152.677592', '2017-11-29', '2017-11-29 05:34:56', 0, 0, 0, 0),
(1441, '4311', '-27.435932', '152.496065', '2017-11-29', '2017-11-29 05:34:56', 0, 0, 0, 0),
(1442, '4312', '-27.22878', '152.468299', '2017-11-29', '2017-11-29 05:34:56', 0, 0, 0, 0),
(1443, '4313', '-27.122428', '152.322502', '2017-11-29', '2017-11-29 05:34:56', 0, 0, 0, 0),
(1444, '4340', '-27.758969', '152.521692', '2017-11-29', '2017-11-29 05:34:56', 0, 0, 0, 0),
(1445, '4341', '-27.71248', '152.378214', '2017-11-29', '2017-11-29 05:34:56', 0, 0, 0, 0),
(1446, '4342', '-27.52734', '152.414424', '2017-11-29', '2017-11-29 05:34:56', 0, 0, 0, 0),
(1447, '4343', '-27.71821', '152.265044', '2017-11-29', '2017-11-29 05:34:56', 0, 0, 0, 0),
(1448, '4344', '-27.601767', '152.100559', '2017-11-29', '2017-11-29 05:34:56', 0, 0, 0, 0),
(1449, '4345', '-23.992438', '134.050443', '2017-11-29', '2017-11-29 05:34:56', 0, 0, 0, 0),
(1450, '4346', '-27.569484', '152.597466', '2017-11-29', '2017-11-29 05:34:56', 0, 0, 0, 0),
(1451, '4347', '-27.645348', '152.155143', '2017-11-29', '2017-11-29 05:34:56', 0, 0, 0, 0),
(1452, '4350', '-27.584859', '151.867162', '2017-11-29', '2017-11-29 05:34:56', 0, 0, 0, 0),
(1453, '4352', '-27.746048', '151.804099', '2017-11-29', '2017-11-29 05:34:56', 0, 0, 0, 0),
(1454, '4353', '-27.213085', '151.881864', '2017-11-29', '2017-11-29 05:34:56', 0, 0, 0, 0),
(1455, '4354', '-27.331291', '151.846229', '2017-11-29', '2017-11-29 05:34:56', 0, 0, 0, 0),
(1456, '4355', '-27.111073', '152.038613', '2017-11-29', '2017-11-29 05:34:56', 0, 0, 0, 0),
(1457, '4356', '-27.597758', '151.527918', '2017-11-29', '2017-11-29 05:34:56', 0, 0, 0, 0),
(1458, '4357', '-27.895294', '151.090735', '2017-11-29', '2017-11-29 05:34:56', 0, 0, 0, 0),
(1459, '4358', '-27.817136', '151.79431', '2017-11-29', '2017-11-29 05:34:56', 0, 0, 0, 0),
(1460, '4359', '-27.793545', '152.010987', '2017-11-29', '2017-11-29 05:34:56', 0, 0, 0, 0),
(1461, '4360', '-27.841862', '151.893485', '2017-11-29', '2017-11-29 05:34:56', 0, 0, 0, 0),
(1462, '4361', '-27.920417', '151.955305', '2017-11-29', '2017-11-29 05:34:56', 0, 0, 0, 0),
(1463, '4362', '-28.033003', '152.036846', '2017-11-29', '2017-11-29 05:34:56', 0, 0, 0, 0),
(1464, '4363', '-27.683216', '151.735461', '2017-11-29', '2017-11-29 05:34:56', 0, 0, 0, 0),
(1465, '4364', '-27.717683', '151.439606', '2017-11-29', '2017-11-29 05:34:56', 0, 0, 0, 0),
(1466, '4365', '-23.992438', '134.050443', '2017-11-29', '2017-11-29 05:34:56', 0, 0, 0, 0),
(1467, '4370', '-28.193332', '152.04417', '2017-11-29', '2017-11-29 05:34:56', 0, 0, 0, 0),
(1468, '4371', '-28.179354', '152.318872', '2017-11-29', '2017-11-29 05:34:56', 0, 0, 0, 0),
(1469, '4372', '-28.288264', '152.230961', '2017-11-29', '2017-11-29 05:34:56', 0, 0, 0, 0),
(1470, '4373', '-28.296674', '152.354108', '2017-11-29', '2017-11-29 05:34:56', 0, 0, 0, 0),
(1471, '4374', '-28.407914', '151.943883', '2017-11-29', '2017-11-29 05:34:56', 0, 0, 0, 0),
(1472, '4375', '-28.520535', '151.940135', '2017-11-29', '2017-11-29 05:34:56', 0, 0, 0, 0),
(1473, '4376', '-28.552716', '151.932776', '2017-11-29', '2017-11-29 05:34:56', 0, 0, 0, 0),
(1474, '4377', '-28.582941', '151.94695', '2017-11-29', '2017-11-29 05:34:56', 0, 0, 0, 0),
(1475, '4378', '-28.615367', '151.933086', '2017-11-29', '2017-11-29 05:34:56', 0, 0, 0, 0),
(1476, '4380', '-28.771624', '151.692003', '2017-11-29', '2017-11-29 05:34:56', 0, 0, 0, 0),
(1477, '4381', '-28.737799', '151.880355', '2017-11-29', '2017-11-29 05:34:56', 0, 0, 0, 0),
(1478, '4382', '-28.850609', '151.814531', '2017-11-29', '2017-11-29 05:34:56', 0, 0, 0, 0),
(1479, '4383', '-28.925061', '151.947845', '2017-11-29', '2017-11-29 05:34:56', 0, 0, 0, 0),
(1480, '4385', '-28.759719', '151.170597', '2017-11-29', '2017-11-29 05:34:56', 0, 0, 0, 0),
(1481, '4387', '-28.403445', '151.299269', '2017-11-29', '2017-11-29 05:34:56', 0, 0, 0, 0),
(1482, '4388', '-23.992438', '134.050443', '2017-11-29', '2017-11-29 05:34:56', 0, 0, 0, 0),
(1483, '4390', '-28.200248', '150.369291', '2017-11-29', '2017-11-29 05:34:56', 0, 0, 0, 0),
(1484, '4400', '-27.463619', '151.807664', '2017-11-29', '2017-11-29 05:34:56', 0, 0, 0, 0),
(1485, '4401', '-27.417691', '151.715615', '2017-11-29', '2017-11-29 05:34:56', 0, 0, 0, 0),
(1486, '4402', '-26.983382', '151.822784', '2017-11-29', '2017-11-29 05:34:56', 0, 0, 0, 0),
(1487, '4403', '-27.269543', '151.58272', '2017-11-29', '2017-11-29 05:34:56', 0, 0, 0, 0),
(1488, '4404', '-27.265032', '151.446808', '2017-11-29', '2017-11-29 05:34:56', 0, 0, 0, 0),
(1489, '4405', '-27.245441', '151.004344', '2017-11-29', '2017-11-29 05:34:56', 0, 0, 0, 0),
(1490, '4406', '-27.475027', '150.462883', '2017-11-29', '2017-11-29 05:34:56', 0, 0, 0, 0),
(1491, '4407', '-27.594149', '151.201475', '2017-11-29', '2017-11-29 05:34:56', 0, 0, 0, 0),
(1492, '4408', '-26.876862', '151.381861', '2017-11-29', '2017-11-29 05:34:56', 0, 0, 0, 0),
(1493, '4410', '-26.672249', '151.198423', '2017-11-29', '2017-11-29 05:34:56', 0, 0, 0, 0),
(1494, '4411', '-26.864803', '151.009832', '2017-11-29', '2017-11-29 05:34:56', 0, 0, 0, 0),
(1495, '4412', '-26.8829', '150.735012', '2017-11-29', '2017-11-29 05:34:56', 0, 0, 0, 0),
(1496, '4413', '-26.328887', '150.685079', '2017-11-29', '2017-11-29 05:34:56', 0, 0, 0, 0),
(1497, '4415', '-26.580822', '150.209745', '2017-11-29', '2017-11-29 05:34:56', 0, 0, 0, 0),
(1498, '4416', '-26.980579', '150.065851', '2017-11-29', '2017-11-29 05:34:56', 0, 0, 0, 0),
(1499, '4417', '-27.325585', '149.177647', '2017-11-29', '2017-11-29 05:34:56', 0, 0, 0, 0),
(1500, '4419', '-26.107099', '149.830471', '2017-11-29', '2017-11-29 05:34:56', 0, 0, 0, 0),
(1501, '4420', '-25.508501', '149.506032', '2017-11-29', '2017-11-29 05:34:56', 0, 0, 0, 0),
(1502, '4421', '-27.254373', '150.43457', '2017-11-29', '2017-11-29 05:34:56', 0, 0, 0, 0),
(1503, '4422', '-27.591533', '149.760734', '2017-11-29', '2017-11-29 05:34:56', 0, 0, 0, 0),
(1504, '4424', '-26.548239', '149.883159', '2017-11-29', '2017-11-29 05:34:56', 0, 0, 0, 0),
(1505, '4425', '-26.807647', '149.826174', '2017-11-29', '2017-11-29 05:34:56', 0, 0, 0, 0),
(1506, '4427', '-26.606161', '149.377105', '2017-11-29', '2017-11-29 05:34:56', 0, 0, 0, 0),
(1507, '4428', '-26.638852', '149.385411', '2017-11-29', '2017-11-29 05:34:56', 0, 0, 0, 0),
(1508, '4454', '-23.992438', '134.050443', '2017-11-29', '2017-11-29 05:34:56', 0, 0, 0, 0),
(1509, '4455', '-26.487736', '148.707759', '2017-11-29', '2017-11-29 05:34:56', 0, 0, 0, 0),
(1510, '4462', '-26.660509', '148.17771', '2017-11-29', '2017-11-29 05:34:56', 0, 0, 0, 0),
(1511, '4465', '-27.100407', '147.800647', '2017-11-29', '2017-11-29 05:34:56', 0, 0, 0, 0),
(1512, '4468', '-26.799063', '146.793707', '2017-11-29', '2017-11-29 05:34:56', 0, 0, 0, 0),
(1513, '4470', '-26.30429', '145.889996', '2017-11-29', '2017-11-29 05:34:56', 0, 0, 0, 0),
(1514, '4472', '-24.591375', '145.402764', '2017-11-29', '2017-11-29 05:34:56', 0, 0, 0, 0),
(1515, '4477', '-25.555148', '147.016807', '2017-11-29', '2017-11-29 05:34:56', 0, 0, 0, 0),
(1516, '4478', '-25.021482', '146.246715', '2017-11-29', '2017-11-29 05:34:56', 0, 0, 0, 0),
(1517, '4480', '-26.34866', '143.89323', '2017-11-29', '2017-11-29 05:34:56', 0, 0, 0, 0),
(1518, '4481', '-25.13084', '142.267907', '2017-11-29', '2017-11-29 05:34:56', 0, 0, 0, 0),
(1519, '4486', '-28.58789', '148.042343', '2017-11-29', '2017-11-29 05:34:56', 0, 0, 0, 0),
(1520, '4487', '-27.947632', '148.609858', '2017-11-29', '2017-11-29 05:34:56', 0, 0, 0, 0),
(1521, '4488', '-23.992438', '134.050443', '2017-11-29', '2017-11-29 05:34:56', 0, 0, 0, 0),
(1522, '4490', '-28.073037', '145.770865', '2017-11-29', '2017-11-29 05:34:56', 0, 0, 0, 0),
(1523, '4492', '-28.020794', '142.593617', '2017-11-29', '2017-11-29 05:34:56', 0, 0, 0, 0),
(1524, '4494', '-28.221704', '149.648326', '2017-11-29', '2017-11-29 05:34:56', 0, 0, 0, 0),
(1525, '4496', '-28.492078', '149.21541', '2017-11-29', '2017-11-29 05:34:56', 0, 0, 0, 0),
(1526, '4497', '-28.653994', '148.782384', '2017-11-29', '2017-11-29 05:34:56', 0, 0, 0, 0),
(1527, '4498', '-28.456306', '149.909854', '2017-11-29', '2017-11-29 05:34:56', 0, 0, 0, 0),
(1528, '4500', '-27.304271', '152.933847', '2017-11-29', '2017-11-29 05:34:56', 0, 0, 0, 0),
(1529, '4501', '-27.281878', '152.985913', '2017-11-29', '2017-11-29 05:34:56', 0, 0, 0, 0),
(1530, '4502', '-27.264882', '152.972431', '2017-11-29', '2017-11-29 05:34:56', 0, 0, 0, 0),
(1531, '4503', '-27.242135', '152.957538', '2017-11-29', '2017-11-29 05:34:56', 0, 0, 0, 0),
(1532, '4504', '-27.186767', '152.931033', '2017-11-29', '2017-11-29 05:34:56', 0, 0, 0, 0),
(1533, '4505', '-27.144667', '152.984713', '2017-11-29', '2017-11-29 05:34:56', 0, 0, 0, 0),
(1534, '4506', '-27.135272', '152.917561', '2017-11-29', '2017-11-29 05:34:56', 0, 0, 0, 0),
(1535, '4507', '-26.989774', '153.136675', '2017-11-29', '2017-11-29 05:34:56', 0, 0, 0, 0),
(1536, '4508', '-27.183609', '153.015549', '2017-11-29', '2017-11-29 05:34:56', 0, 0, 0, 0),
(1537, '4509', '-27.233632', '153.031931', '2017-11-29', '2017-11-29 05:34:56', 0, 0, 0, 0),
(1538, '4510', '-27.074982', '152.96877', '2017-11-29', '2017-11-29 05:34:56', 0, 0, 0, 0),
(1539, '4511', '-27.072025', '153.079157', '2017-11-29', '2017-11-29 05:34:56', 0, 0, 0, 0),
(1540, '4512', '-26.993606', '152.849407', '2017-11-29', '2017-11-29 05:34:56', 0, 0, 0, 0),
(1541, '4514', '-26.936615', '152.70424', '2017-11-29', '2017-11-29 05:34:56', 0, 0, 0, 0),
(1542, '4515', '-26.712368', '152.383155', '2017-11-29', '2017-11-29 05:34:56', 0, 0, 0, 0),
(1543, '4516', '-27.000433', '152.96095', '2017-11-29', '2017-11-29 05:34:56', 0, 0, 0, 0),
(1544, '4517', '-26.939395', '152.956367', '2017-11-29', '2017-11-29 05:34:56', 0, 0, 0, 0),
(1545, '4518', '-23.992438', '134.050443', '2017-11-29', '2017-11-29 05:34:56', 0, 0, 0, 0),
(1546, '4519', '-26.879426', '152.971233', '2017-11-29', '2017-11-29 05:34:56', 0, 0, 0, 0),
(1547, '4520', '-27.325347', '152.830752', '2017-11-29', '2017-11-29 05:34:56', 0, 0, 0, 0),
(1548, '4521', '-23.992438', '134.050443', '2017-11-29', '2017-11-29 05:34:56', 0, 0, 0, 0),
(1549, '4550', '-26.806894', '152.982763', '2017-11-29', '2017-11-29 05:34:56', 0, 0, 0, 0),
(1550, '4551', '-26.799465', '153.086474', '2017-11-29', '2017-11-29 05:34:56', 0, 0, 0, 0),
(1551, '4552', '-26.733632', '152.757931', '2017-11-29', '2017-11-29 05:34:56', 0, 0, 0, 0),
(1552, '4553', '-26.758171', '153.003178', '2017-11-29', '2017-11-29 05:34:56', 0, 0, 0, 0),
(1553, '4554', '-26.730686', '152.96641', '2017-11-29', '2017-11-29 05:34:56', 0, 0, 0, 0),
(1554, '4555', '-23.992438', '134.050443', '2017-11-29', '2017-11-29 05:34:56', 0, 0, 0, 0),
(1555, '4556', '-26.69909', '153.054245', '2017-11-29', '2017-11-29 05:34:56', 0, 0, 0, 0),
(1556, '4557', '-26.69602', '153.105844', '2017-11-29', '2017-11-29 05:34:56', 0, 0, 0, 0),
(1557, '4558', '-26.654563', '153.077706', '2017-11-29', '2017-11-29 05:34:56', 0, 0, 0, 0),
(1558, '4559', '-26.657784', '152.980473', '2017-11-29', '2017-11-29 05:34:56', 0, 0, 0, 0),
(1559, '4560', '-26.611777', '152.937411', '2017-11-29', '2017-11-29 05:34:56', 0, 0, 0, 0),
(1560, '4561', '-26.543268', '152.999626', '2017-11-29', '2017-11-29 05:34:56', 0, 0, 0, 0),
(1561, '4562', '-26.485506', '152.915405', '2017-11-29', '2017-11-29 05:34:56', 0, 0, 0, 0),
(1562, '4563', '-26.427638', '152.881107', '2017-11-29', '2017-11-29 05:34:56', 0, 0, 0, 0),
(1563, '4564', '-26.616779', '153.089307', '2017-11-29', '2017-11-29 05:34:56', 0, 0, 0, 0),
(1564, '4565', '-26.27349', '152.998933', '2017-11-29', '2017-11-29 05:34:56', 0, 0, 0, 0),
(1565, '4566', '-26.423316', '153.060956', '2017-11-29', '2017-11-29 05:34:56', 0, 0, 0, 0),
(1566, '4567', '-26.405366', '153.0962', '2017-11-29', '2017-11-29 05:34:56', 0, 0, 0, 0),
(1567, '4568', '-26.365377', '152.851372', '2017-11-29', '2017-11-29 05:34:56', 0, 0, 0, 0),
(1568, '4569', '-26.340417', '152.812662', '2017-11-29', '2017-11-29 05:34:56', 0, 0, 0, 0),
(1569, '4570', '-26.186315', '152.599527', '2017-11-29', '2017-11-29 05:34:56', 0, 0, 0, 0),
(1570, '4571', '-26.256036', '152.868324', '2017-11-29', '2017-11-29 05:34:56', 0, 0, 0, 0),
(1571, '4572', '-26.670812', '153.103935', '2017-11-29', '2017-11-29 05:34:56', 0, 0, 0, 0),
(1572, '4573', '-26.500672', '153.082126', '2017-11-29', '2017-11-29 05:34:56', 0, 0, 0, 0),
(1573, '4574', '-26.619188', '152.720443', '2017-11-29', '2017-11-29 05:34:56', 0, 0, 0, 0),
(1574, '4575', '-26.726644', '153.12562', '2017-11-29', '2017-11-29 05:34:56', 0, 0, 0, 0),
(1575, '4580', '-26.021769', '152.954779', '2017-11-29', '2017-11-29 05:34:56', 0, 0, 0, 0),
(1576, '4581', '-25.272923', '153.139948', '2017-11-29', '2017-11-29 05:34:56', 0, 0, 0, 0),
(1577, '4600', '-26.233354', '152.23034', '2017-11-29', '2017-11-29 05:34:56', 0, 0, 0, 0),
(1578, '4601', '-25.981617', '151.989245', '2017-11-29', '2017-11-29 05:34:56', 0, 0, 0, 0),
(1579, '4605', '-26.156486', '151.90022', '2017-11-29', '2017-11-29 05:34:56', 0, 0, 0, 0),
(1580, '4606', '-26.286842', '151.835826', '2017-11-29', '2017-11-29 05:34:56', 0, 0, 0, 0),
(1581, '4608', '-26.373142', '151.816636', '2017-11-29', '2017-11-29 05:34:56', 0, 0, 0, 0),
(1582, '4610', '-26.45168', '151.495938', '2017-11-29', '2017-11-29 05:34:56', 0, 0, 0, 0),
(1583, '4611', '-26.083722', '151.731618', '2017-11-29', '2017-11-29 05:34:56', 0, 0, 0, 0),
(1584, '4612', '-26.223522', '151.70898', '2017-11-29', '2017-11-29 05:34:56', 0, 0, 0, 0),
(1585, '4613', '-26.050963', '151.561269', '2017-11-29', '2017-11-29 05:34:56', 0, 0, 0, 0),
(1586, '4614', '-23.992438', '134.050443', '2017-11-29', '2017-11-29 05:34:56', 0, 0, 0, 0),
(1587, '4615', '-26.664884', '151.970117', '2017-11-29', '2017-11-29 05:34:56', 0, 0, 0, 0),
(1588, '4620', '-25.681004', '152.269612', '2017-11-29', '2017-11-29 05:34:56', 0, 0, 0, 0),
(1589, '4621', '-23.992438', '134.050443', '2017-11-29', '2017-11-29 05:34:56', 0, 0, 0, 0),
(1590, '4625', '-25.577425', '151.722299', '2017-11-29', '2017-11-29 05:34:56', 0, 0, 0, 0),
(1591, '4626', '-25.764897', '151.14768', '2017-11-29', '2017-11-29 05:34:56', 0, 0, 0, 0),
(1592, '4627', '-25.351496', '151.140896', '2017-11-29', '2017-11-29 05:34:56', 0, 0, 0, 0),
(1593, '4630', '-25.070768', '150.968293', '2017-11-29', '2017-11-29 05:34:56', 0, 0, 0, 0),
(1594, '4650', '-25.632011', '152.673897', '2017-11-29', '2017-11-29 05:34:56', 0, 0, 0, 0),
(1595, '4655', '-25.331157', '152.803246', '2017-11-29', '2017-11-29 05:34:56', 0, 0, 0, 0),
(1596, '4659', '-25.297859', '152.514579', '2017-11-29', '2017-11-29 05:34:56', 0, 0, 0, 0),
(1597, '4660', '-25.220446', '152.29755', '2017-11-29', '2017-11-29 05:34:56', 0, 0, 0, 0),
(1598, '4662', '-25.352429', '152.576347', '2017-11-29', '2017-11-29 05:34:56', 0, 0, 0, 0),
(1599, '4670', '-24.872738', '152.243115', '2017-11-29', '2017-11-29 05:34:56', 0, 0, 0, 0),
(1600, '4671', '-23.992438', '134.050443', '2017-11-29', '2017-11-29 05:34:56', 0, 0, 0, 0),
(1601, '4673', '-24.698147', '152.107831', '2017-11-29', '2017-11-29 05:34:56', 0, 0, 0, 0),
(1602, '4674', '-24.502844', '151.89434', '2017-11-29', '2017-11-29 05:34:56', 0, 0, 0, 0),
(1603, '4676', '-24.600727', '151.660217', '2017-11-29', '2017-11-29 05:34:56', 0, 0, 0, 0),
(1604, '4677', '-24.307729', '151.679352', '2017-11-29', '2017-11-29 05:34:56', 0, 0, 0, 0),
(1605, '4678', '-23.992438', '134.050443', '2017-11-29', '2017-11-29 05:34:56', 0, 0, 0, 0),
(1606, '4680', '-24.140476', '151.139352', '2017-11-29', '2017-11-29 05:34:56', 0, 0, 0, 0),
(1607, '4694', '-23.678915', '151.014693', '2017-11-29', '2017-11-29 05:34:56', 0, 0, 0, 0),
(1608, '4695', '-23.840389', '150.879644', '2017-11-29', '2017-11-29 05:34:56', 0, 0, 0, 0),
(1609, '4699', '-23.655071', '150.58657', '2017-11-29', '2017-11-29 05:34:56', 0, 0, 0, 0),
(1610, '4700', '-23.358273', '150.59614', '2017-11-29', '2017-11-29 05:34:56', 0, 0, 0, 0),
(1611, '4701', '-23.317059', '150.570638', '2017-11-29', '2017-11-29 05:34:56', 0, 0, 0, 0),
(1612, '4702', '-23.797725', '149.113549', '2017-11-29', '2017-11-29 05:34:56', 0, 0, 0, 0),
(1613, '4703', '-22.747131', '150.508376', '2017-11-29', '2017-11-29 05:34:56', 0, 0, 0, 0),
(1614, '4705', '-22.781117', '148.653603', '2017-11-29', '2017-11-29 05:34:56', 0, 0, 0, 0),
(1615, '4707', '-23.992438', '134.050443', '2017-11-29', '2017-11-29 05:34:56', 0, 0, 0, 0),
(1616, '4709', '-23.033493', '148.347686', '2017-11-29', '2017-11-29 05:34:56', 0, 0, 0, 0),
(1617, '4710', '-23.266187', '150.799791', '2017-11-29', '2017-11-29 05:34:56', 0, 0, 0, 0),
(1618, '4711', '-23.272396', '150.463521', '2017-11-29', '2017-11-29 05:34:56', 0, 0, 0, 0),
(1619, '4712', '-23.719756', '149.672441', '2017-11-29', '2017-11-29 05:34:56', 0, 0, 0, 0),
(1620, '4713', '-24.136045', '149.446121', '2017-11-29', '2017-11-29 05:34:56', 0, 0, 0, 0),
(1621, '4714', '-23.720732', '150.394699', '2017-11-29', '2017-11-29 05:34:56', 0, 0, 0, 0),
(1622, '4715', '-24.55366', '150.405318', '2017-11-29', '2017-11-29 05:34:56', 0, 0, 0, 0),
(1623, '4716', '-24.589318', '150.66546', '2017-11-29', '2017-11-29 05:34:56', 0, 0, 0, 0),
(1624, '4717', '-23.992438', '134.050443', '2017-11-29', '2017-11-29 05:34:56', 0, 0, 0, 0),
(1625, '4718', '-24.492617', '149.451156', '2017-11-29', '2017-11-29 05:34:56', 0, 0, 0, 0),
(1626, '4719', '-25.128979', '150.040035', '2017-11-29', '2017-11-29 05:34:56', 0, 0, 0, 0),
(1627, '4720', '-23.517654', '148.182413', '2017-11-29', '2017-11-29 05:34:56', 0, 0, 0, 0),
(1628, '4721', '-22.320487', '147.046623', '2017-11-29', '2017-11-29 05:34:56', 0, 0, 0, 0),
(1629, '4722', '-24.43075', '147.736033', '2017-11-29', '2017-11-29 05:34:56', 0, 0, 0, 0),
(1630, '4723', '-23.10486', '148.079412', '2017-11-29', '2017-11-29 05:34:56', 0, 0, 0, 0),
(1631, '4724', '-23.846549', '146.821932', '2017-11-29', '2017-11-29 05:34:56', 0, 0, 0, 0),
(1632, '4725', '-23.566997', '145.31545', '2017-11-29', '2017-11-29 05:34:56', 0, 0, 0, 0),
(1633, '4726', '-22.486165', '145.249649', '2017-11-29', '2017-11-29 05:34:56', 0, 0, 0, 0),
(1634, '4727', '-23.660846', '144.54578', '2017-11-29', '2017-11-29 05:34:56', 0, 0, 0, 0),
(1635, '4728', '-23.427815', '146.263832', '2017-11-29', '2017-11-29 05:34:56', 0, 0, 0, 0),
(1636, '4730', '-23.348911', '143.702307', '2017-11-29', '2017-11-29 05:34:56', 0, 0, 0, 0),
(1637, '4731', '-24.571464', '144.164181', '2017-11-29', '2017-11-29 05:34:56', 0, 0, 0, 0),
(1638, '4733', '-22.539094', '142.424493', '2017-11-29', '2017-11-29 05:34:56', 0, 0, 0, 0),
(1639, '4735', '-22.385016', '143.042851', '2017-11-29', '2017-11-29 05:34:56', 0, 0, 0, 0),
(1640, '4737', '-21.480071', '149.169502', '2017-11-29', '2017-11-29 05:34:56', 0, 0, 0, 0),
(1641, '4738', '-21.646757', '149.258025', '2017-11-29', '2017-11-29 05:34:56', 0, 0, 0, 0),
(1642, '4739', '-21.864477', '149.370786', '2017-11-29', '2017-11-29 05:34:56', 0, 0, 0, 0),
(1643, '4740', '-21.184323', '149.117744', '2017-11-29', '2017-11-29 05:34:56', 0, 0, 0, 0),
(1644, '4741', '-21.234327', '148.702086', '2017-11-29', '2017-11-29 05:34:56', 0, 0, 0, 0),
(1645, '4742', '-21.863948', '148.672871', '2017-11-29', '2017-11-29 05:34:56', 0, 0, 0, 0),
(1646, '4743', '-21.348073', '148.116267', '2017-11-29', '2017-11-29 05:34:56', 0, 0, 0, 0),
(1647, '4744', '-21.947438', '147.88971', '2017-11-29', '2017-11-29 05:34:56', 0, 0, 0, 0),
(1648, '4745', '-22.584152', '148.341845', '2017-11-29', '2017-11-29 05:34:56', 0, 0, 0, 0),
(1649, '4746', '-22.812862', '148.700102', '2017-11-29', '2017-11-29 05:34:56', 0, 0, 0, 0),
(1650, '4750', '-21.026546', '149.148368', '2017-11-29', '2017-11-29 05:34:56', 0, 0, 0, 0),
(1651, '4751', '-21.208988', '149.038481', '2017-11-29', '2017-11-29 05:34:56', 0, 0, 0, 0),
(1652, '4753', '-21.170195', '148.951236', '2017-11-29', '2017-11-29 05:34:56', 0, 0, 0, 0),
(1653, '4754', '-21.122172', '148.844513', '2017-11-29', '2017-11-29 05:34:56', 0, 0, 0, 0),
(1654, '4756', '-21.112263', '148.618088', '2017-11-29', '2017-11-29 05:34:56', 0, 0, 0, 0);
INSERT INTO `tblPostalCodes` (`fldPostalCodeId`, `fldPostalCode`, `fldPostalCodeLat`, `fldPostalCodeLong`, `fldPostalCodeCreated`, `fldPostalCodeModified`, `fldPostalCodeDeleted`, `fldPostalUserId`, `fldPostalCodeStateId`, `fldPostalCodeRegionalId`) VALUES
(1655, '4757', '-21.058523', '148.46307', '2017-11-29', '2017-11-29 05:34:56', 0, 0, 0, 0),
(1656, '4798', '-20.878277', '148.770134', '2017-11-29', '2017-11-29 05:34:56', 0, 0, 0, 0),
(1657, '4799', '-20.702001', '148.571355', '2017-11-29', '2017-11-29 05:34:56', 0, 0, 0, 0),
(1658, '4800', '-20.411801', '148.525344', '2017-11-29', '2017-11-29 05:34:56', 0, 0, 0, 0),
(1659, '4801', '-23.992438', '134.050443', '2017-11-29', '2017-11-29 05:34:56', 0, 0, 0, 0),
(1660, '4802', '-23.992438', '134.050443', '2017-11-29', '2017-11-29 05:34:56', 0, 0, 0, 0),
(1661, '4803', '-23.992438', '134.050443', '2017-11-29', '2017-11-29 05:34:56', 0, 0, 0, 0),
(1662, '4804', '-20.84975', '147.564386', '2017-11-29', '2017-11-29 05:34:56', 0, 0, 0, 0),
(1663, '4805', '-20.043276', '147.967826', '2017-11-29', '2017-11-29 05:34:56', 0, 0, 0, 0),
(1664, '4806', '-19.843591', '147.402453', '2017-11-29', '2017-11-29 05:34:56', 0, 0, 0, 0),
(1665, '4807', '-19.930547', '147.17228', '2017-11-29', '2017-11-29 05:34:56', 0, 0, 0, 0),
(1666, '4808', '-19.486804', '147.379886', '2017-11-29', '2017-11-29 05:34:56', 0, 0, 0, 0),
(1667, '4809', '-19.526098', '147.172345', '2017-11-29', '2017-11-29 05:34:56', 0, 0, 0, 0),
(1668, '4810', '-23.992438', '134.050443', '2017-11-29', '2017-11-29 05:34:56', 0, 0, 0, 0),
(1669, '4811', '-19.354841', '146.811759', '2017-11-29', '2017-11-29 05:34:56', 0, 0, 0, 0),
(1670, '4812', '-19.286223', '146.789899', '2017-11-29', '2017-11-29 05:34:56', 0, 0, 0, 0),
(1671, '4813', '-23.992438', '134.050443', '2017-11-29', '2017-11-29 05:34:56', 0, 0, 0, 0),
(1672, '4814', '-19.287901', '146.759613', '2017-11-29', '2017-11-29 05:34:56', 0, 0, 0, 0),
(1673, '4815', '-19.418235', '146.682217', '2017-11-29', '2017-11-29 05:34:56', 0, 0, 0, 0),
(1674, '4816', '-20.220868', '145.132504', '2017-11-29', '2017-11-29 05:34:56', 0, 0, 0, 0),
(1675, '4817', '-19.399894', '146.198375', '2017-11-29', '2017-11-29 05:34:56', 0, 0, 0, 0),
(1676, '4818', '-19.229129', '146.530106', '2017-11-29', '2017-11-29 05:34:56', 0, 0, 0, 0),
(1677, '4819', '-19.138829', '146.833131', '2017-11-29', '2017-11-29 05:34:56', 0, 0, 0, 0),
(1678, '4820', '-20.53167', '145.890312', '2017-11-29', '2017-11-29 05:34:56', 0, 0, 0, 0),
(1679, '4821', '-21.11995', '143.926381', '2017-11-29', '2017-11-29 05:34:56', 0, 0, 0, 0),
(1680, '4822', '-20.540635', '142.901063', '2017-11-29', '2017-11-29 05:34:56', 0, 0, 0, 0),
(1681, '4823', '-20.533924', '141.586951', '2017-11-29', '2017-11-29 05:34:56', 0, 0, 0, 0),
(1682, '4824', '-19.965701', '140.355823', '2017-11-29', '2017-11-29 05:34:56', 0, 0, 0, 0),
(1683, '4825', '-19.609087', '139.16376', '2017-11-29', '2017-11-29 05:34:56', 0, 0, 0, 0),
(1684, '4828', '-19.920559', '138.123757', '2017-11-29', '2017-11-29 05:34:56', 0, 0, 0, 0),
(1685, '4829', '-23.797222', '139.543703', '2017-11-29', '2017-11-29 05:34:56', 0, 0, 0, 0),
(1686, '4830', '-17.850993', '139.160098', '2017-11-29', '2017-11-29 05:34:56', 0, 0, 0, 0),
(1687, '4849', '-18.315948', '146.024402', '2017-11-29', '2017-11-29 05:34:56', 0, 0, 0, 0),
(1688, '4850', '-18.662462', '146.044429', '2017-11-29', '2017-11-29 05:34:56', 0, 0, 0, 0),
(1689, '4852', '-17.936081', '146.0501', '2017-11-29', '2017-11-29 05:34:56', 0, 0, 0, 0),
(1690, '4854', '-17.946315', '145.822008', '2017-11-29', '2017-11-29 05:34:56', 0, 0, 0, 0),
(1691, '4855', '-17.838759', '146.039714', '2017-11-29', '2017-11-29 05:34:56', 0, 0, 0, 0),
(1692, '4856', '-17.716174', '145.870718', '2017-11-29', '2017-11-29 05:34:56', 0, 0, 0, 0),
(1693, '4857', '-23.992438', '134.050443', '2017-11-29', '2017-11-29 05:34:56', 0, 0, 0, 0),
(1694, '4858', '-17.590164', '146.072163', '2017-11-29', '2017-11-29 05:34:56', 0, 0, 0, 0),
(1695, '4859', '-17.601878', '145.992479', '2017-11-29', '2017-11-29 05:34:56', 0, 0, 0, 0),
(1696, '4860', '-17.423474', '145.863656', '2017-11-29', '2017-11-29 05:34:56', 0, 0, 0, 0),
(1697, '4861', '-17.343477', '145.921072', '2017-11-29', '2017-11-29 05:34:56', 0, 0, 0, 0),
(1698, '4865', '-17.062737', '145.791425', '2017-11-29', '2017-11-29 05:34:56', 0, 0, 0, 0),
(1699, '4868', '-16.97431', '145.743385', '2017-11-29', '2017-11-29 05:34:56', 0, 0, 0, 0),
(1700, '4869', '-17.030037', '145.749414', '2017-11-29', '2017-11-29 05:34:56', 0, 0, 0, 0),
(1701, '4870', '-17.003407', '145.694293', '2017-11-29', '2017-11-29 05:34:56', 0, 0, 0, 0),
(1702, '4871', '-16.383802', '143.25529', '2017-11-29', '2017-11-29 05:34:56', 0, 0, 0, 0),
(1703, '4872', '-17.902401', '145.226728', '2017-11-29', '2017-11-29 05:34:56', 0, 0, 0, 0),
(1704, '4873', '-16.191976', '145.269626', '2017-11-29', '2017-11-29 05:34:56', 0, 0, 0, 0),
(1705, '4874', '-12.094887', '142.430233', '2017-11-29', '2017-11-29 05:34:56', 0, 0, 0, 0),
(1706, '4875', '-23.992438', '134.050443', '2017-11-29', '2017-11-29 05:34:56', 0, 0, 0, 0),
(1707, '4876', '-10.973494', '142.370671', '2017-11-29', '2017-11-29 05:34:56', 0, 0, 0, 0),
(1708, '4877', '-23.992438', '134.050443', '2017-11-29', '2017-11-29 05:34:56', 0, 0, 0, 0),
(1709, '4878', '-16.839673', '145.708653', '2017-11-29', '2017-11-29 05:34:56', 0, 0, 0, 0),
(1710, '4879', '-16.781874', '145.680416', '2017-11-29', '2017-11-29 05:34:56', 0, 0, 0, 0),
(1711, '4880', '-17.001706', '145.358111', '2017-11-29', '2017-11-29 05:34:56', 0, 0, 0, 0),
(1712, '4881', '-23.992438', '134.050443', '2017-11-29', '2017-11-29 05:34:56', 0, 0, 0, 0),
(1713, '4882', '-17.191574', '145.465025', '2017-11-29', '2017-11-29 05:34:56', 0, 0, 0, 0),
(1714, '4883', '-17.321764', '145.499476', '2017-11-29', '2017-11-29 05:34:56', 0, 0, 0, 0),
(1715, '4884', '-17.269293', '145.692108', '2017-11-29', '2017-11-29 05:34:56', 0, 0, 0, 0),
(1716, '4885', '-17.388517', '145.629387', '2017-11-29', '2017-11-29 05:34:56', 0, 0, 0, 0),
(1717, '4886', '-17.547209', '145.621352', '2017-11-29', '2017-11-29 05:34:56', 0, 0, 0, 0),
(1718, '4887', '-17.443526', '145.224775', '2017-11-29', '2017-11-29 05:34:56', 0, 0, 0, 0),
(1719, '4888', '-17.598011', '145.440248', '2017-11-29', '2017-11-29 05:34:56', 0, 0, 0, 0),
(1720, '4890', '-17.444873', '141.364648', '2017-11-29', '2017-11-29 05:34:56', 0, 0, 0, 0),
(1721, '4891', '-17.470454', '140.845125', '2017-11-29', '2017-11-29 05:34:56', 0, 0, 0, 0),
(1722, '4895', '-15.380237', '145.086873', '2017-11-29', '2017-11-29 05:34:56', 0, 0, 0, 0),
(1723, '5000', '-34.929036', '138.600473', '2017-11-29', '2017-11-29 05:34:56', 0, 0, 0, 0),
(1724, '5005', '-34.918925', '138.604172', '2017-11-29', '2017-11-29 05:34:56', 0, 0, 0, 0),
(1725, '5006', '-34.908439', '138.59534', '2017-11-29', '2017-11-29 05:34:56', 0, 0, 0, 0),
(1726, '5007', '-34.902957', '138.569698', '2017-11-29', '2017-11-29 05:34:56', 0, 0, 0, 0),
(1727, '5008', '-34.886438', '138.568424', '2017-11-29', '2017-11-29 05:34:56', 0, 0, 0, 0),
(1728, '5009', '-34.891566', '138.550329', '2017-11-29', '2017-11-29 05:34:56', 0, 0, 0, 0),
(1729, '5010', '-34.862699', '138.567995', '2017-11-29', '2017-11-29 05:34:56', 0, 0, 0, 0),
(1730, '5011', '-34.881166', '138.535332', '2017-11-29', '2017-11-29 05:34:56', 0, 0, 0, 0),
(1731, '5012', '-34.861656', '138.546664', '2017-11-29', '2017-11-29 05:34:56', 0, 0, 0, 0),
(1732, '5013', '-34.844815', '138.550303', '2017-11-29', '2017-11-29 05:34:56', 0, 0, 0, 0),
(1733, '5014', '-34.868196', '138.514889', '2017-11-29', '2017-11-29 05:34:56', 0, 0, 0, 0),
(1734, '5015', '-23.992438', '134.050443', '2017-11-29', '2017-11-29 05:34:56', 0, 0, 0, 0),
(1735, '5016', '-34.823356', '138.498019', '2017-11-29', '2017-11-29 05:34:56', 0, 0, 0, 0),
(1736, '5017', '-34.803836', '138.497992', '2017-11-29', '2017-11-29 05:34:56', 0, 0, 0, 0),
(1737, '5018', '-34.782408', '138.499246', '2017-11-29', '2017-11-29 05:34:56', 0, 0, 0, 0),
(1738, '5019', '-34.848422', '138.484794', '2017-11-29', '2017-11-29 05:34:56', 0, 0, 0, 0),
(1739, '5020', '-34.865384', '138.485072', '2017-11-29', '2017-11-29 05:34:56', 0, 0, 0, 0),
(1740, '5021', '-34.872989', '138.494578', '2017-11-29', '2017-11-29 05:34:56', 0, 0, 0, 0),
(1741, '5022', '-34.909248', '138.497391', '2017-11-29', '2017-11-29 05:34:56', 0, 0, 0, 0),
(1742, '5023', '-34.894226', '138.51647', '2017-11-29', '2017-11-29 05:34:56', 0, 0, 0, 0),
(1743, '5024', '-34.933796', '138.511192', '2017-11-29', '2017-11-29 05:34:56', 0, 0, 0, 0),
(1744, '5025', '-34.911156', '138.535848', '2017-11-29', '2017-11-29 05:34:56', 0, 0, 0, 0),
(1745, '5031', '-34.924119', '138.568651', '2017-11-29', '2017-11-29 05:34:56', 0, 0, 0, 0),
(1746, '5032', '-34.925414', '138.537948', '2017-11-29', '2017-11-29 05:34:56', 0, 0, 0, 0),
(1747, '5033', '-34.938765', '138.560547', '2017-11-29', '2017-11-29 05:34:56', 0, 0, 0, 0),
(1748, '5034', '-34.954507', '138.589581', '2017-11-29', '2017-11-29 05:34:56', 0, 0, 0, 0),
(1749, '5035', '-34.952197', '138.577364', '2017-11-29', '2017-11-29 05:34:56', 0, 0, 0, 0),
(1750, '5037', '-34.954388', '138.559021', '2017-11-29', '2017-11-29 05:34:56', 0, 0, 0, 0),
(1751, '5038', '-34.968467', '138.551892', '2017-11-29', '2017-11-29 05:34:56', 0, 0, 0, 0),
(1752, '5039', '-34.980006', '138.57382', '2017-11-29', '2017-11-29 05:34:56', 0, 0, 0, 0),
(1753, '5040', '-34.965981', '138.531642', '2017-11-29', '2017-11-29 05:34:56', 0, 0, 0, 0),
(1754, '5041', '-34.985139', '138.593083', '2017-11-29', '2017-11-29 05:34:56', 0, 0, 0, 0),
(1755, '5042', '-35.009755', '138.576904', '2017-11-29', '2017-11-29 05:34:56', 0, 0, 0, 0),
(1756, '5043', '-34.996117', '138.553926', '2017-11-29', '2017-11-29 05:34:56', 0, 0, 0, 0),
(1757, '5044', '-34.992327', '138.526408', '2017-11-29', '2017-11-29 05:34:56', 0, 0, 0, 0),
(1758, '5045', '-34.97689', '138.519553', '2017-11-29', '2017-11-29 05:34:56', 0, 0, 0, 0),
(1759, '5046', '-35.007046', '138.54011', '2017-11-29', '2017-11-29 05:34:56', 0, 0, 0, 0),
(1760, '5047', '-35.028428', '138.551305', '2017-11-29', '2017-11-29 05:34:56', 0, 0, 0, 0),
(1761, '5048', '-35.016404', '138.52544', '2017-11-29', '2017-11-29 05:34:56', 0, 0, 0, 0),
(1762, '5049', '-35.043823', '138.523969', '2017-11-29', '2017-11-29 05:34:56', 0, 0, 0, 0),
(1763, '5050', '-35.024627', '138.590831', '2017-11-29', '2017-11-29 05:34:56', 0, 0, 0, 0),
(1764, '5051', '-35.03376', '138.61688', '2017-11-29', '2017-11-29 05:34:56', 0, 0, 0, 0),
(1765, '5052', '-35.00654', '138.641833', '2017-11-29', '2017-11-29 05:34:56', 0, 0, 0, 0),
(1766, '5061', '-34.955525', '138.606404', '2017-11-29', '2017-11-29 05:34:56', 0, 0, 0, 0),
(1767, '5062', '-34.983076', '138.636938', '2017-11-29', '2017-11-29 05:34:56', 0, 0, 0, 0),
(1768, '5063', '-34.951071', '138.62215', '2017-11-29', '2017-11-29 05:34:56', 0, 0, 0, 0),
(1769, '5064', '-34.962006', '138.653032', '2017-11-29', '2017-11-29 05:34:56', 0, 0, 0, 0),
(1770, '5065', '-34.938639', '138.638606', '2017-11-29', '2017-11-29 05:34:56', 0, 0, 0, 0),
(1771, '5066', '-34.938174', '138.667043', '2017-11-29', '2017-11-29 05:34:56', 0, 0, 0, 0),
(1772, '5067', '-34.922141', '138.63158', '2017-11-29', '2017-11-29 05:34:56', 0, 0, 0, 0),
(1773, '5068', '-34.920647', '138.653291', '2017-11-29', '2017-11-29 05:34:56', 0, 0, 0, 0),
(1774, '5069', '-34.908736', '138.625756', '2017-11-29', '2017-11-29 05:34:56', 0, 0, 0, 0),
(1775, '5070', '-34.896595', '138.642287', '2017-11-29', '2017-11-29 05:34:56', 0, 0, 0, 0),
(1776, '5072', '-34.913991', '138.687858', '2017-11-29', '2017-11-29 05:34:56', 0, 0, 0, 0),
(1777, '5073', '-34.895994', '138.680933', '2017-11-29', '2017-11-29 05:34:56', 0, 0, 0, 0),
(1778, '5074', '-34.881618', '138.669117', '2017-11-29', '2017-11-29 05:34:56', 0, 0, 0, 0),
(1779, '5075', '-34.867781', '138.676366', '2017-11-29', '2017-11-29 05:34:56', 0, 0, 0, 0),
(1780, '5076', '-34.871489', '138.705406', '2017-11-29', '2017-11-29 05:34:56', 0, 0, 0, 0),
(1781, '5081', '-34.892081', '138.616127', '2017-11-29', '2017-11-29 05:34:56', 0, 0, 0, 0),
(1782, '5082', '-34.884473', '138.59247', '2017-11-29', '2017-11-29 05:34:56', 0, 0, 0, 0),
(1783, '5083', '-34.878333', '138.611033', '2017-11-29', '2017-11-29 05:34:56', 0, 0, 0, 0),
(1784, '5084', '-34.859519', '138.59', '2017-11-29', '2017-11-29 05:34:56', 0, 0, 0, 0),
(1785, '5085', '-34.855982', '138.618994', '2017-11-29', '2017-11-29 05:34:56', 0, 0, 0, 0),
(1786, '5086', '-34.859915', '138.641892', '2017-11-29', '2017-11-29 05:34:56', 0, 0, 0, 0),
(1787, '5087', '-34.872232', '138.646492', '2017-11-29', '2017-11-29 05:34:56', 0, 0, 0, 0),
(1788, '5088', '-34.85161', '138.672317', '2017-11-29', '2017-11-29 05:34:56', 0, 0, 0, 0),
(1789, '5089', '-34.852807', '138.723293', '2017-11-29', '2017-11-29 05:34:56', 0, 0, 0, 0),
(1790, '5090', '-34.845383', '138.696149', '2017-11-29', '2017-11-29 05:34:56', 0, 0, 0, 0),
(1791, '5091', '-34.81576', '138.731633', '2017-11-29', '2017-11-29 05:34:56', 0, 0, 0, 0),
(1792, '5092', '-34.823776', '138.683837', '2017-11-29', '2017-11-29 05:34:56', 0, 0, 0, 0),
(1793, '5093', '-34.83609', '138.661404', '2017-11-29', '2017-11-29 05:34:56', 0, 0, 0, 0),
(1794, '5094', '-34.795074', '138.568852', '2017-11-29', '2017-11-29 05:34:56', 0, 0, 0, 0),
(1795, '5095', '-34.818724', '138.613961', '2017-11-29', '2017-11-29 05:34:56', 0, 0, 0, 0),
(1796, '5096', '-34.803931', '138.658358', '2017-11-29', '2017-11-29 05:34:56', 0, 0, 0, 0),
(1797, '5097', '-34.821624', '138.70767', '2017-11-29', '2017-11-29 05:34:56', 0, 0, 0, 0),
(1798, '5098', '-34.830932', '138.643237', '2017-11-29', '2017-11-29 05:34:56', 0, 0, 0, 0),
(1799, '5106', '-34.792409', '138.634596', '2017-11-29', '2017-11-29 05:34:56', 0, 0, 0, 0),
(1800, '5107', '-34.78385', '138.609937', '2017-11-29', '2017-11-29 05:34:56', 0, 0, 0, 0),
(1801, '5108', '-34.758457', '138.623544', '2017-11-29', '2017-11-29 05:34:56', 0, 0, 0, 0),
(1802, '5109', '-34.772004', '138.674472', '2017-11-29', '2017-11-29 05:34:56', 0, 0, 0, 0),
(1803, '5110', '-34.701996', '138.535738', '2017-11-29', '2017-11-29 05:34:56', 0, 0, 0, 0),
(1804, '5111', '-34.71913', '138.63503', '2017-11-29', '2017-11-29 05:34:56', 0, 0, 0, 0),
(1805, '5112', '-34.735707', '138.67199', '2017-11-29', '2017-11-29 05:34:56', 0, 0, 0, 0),
(1806, '5113', '-34.700832', '138.678134', '2017-11-29', '2017-11-29 05:34:56', 0, 0, 0, 0),
(1807, '5114', '-34.707047', '138.770972', '2017-11-29', '2017-11-29 05:34:56', 0, 0, 0, 0),
(1808, '5115', '-34.648862', '138.700298', '2017-11-29', '2017-11-29 05:34:56', 0, 0, 0, 0),
(1809, '5116', '-34.628661', '138.689211', '2017-11-29', '2017-11-29 05:34:56', 0, 0, 0, 0),
(1810, '5117', '-34.641907', '138.644235', '2017-11-29', '2017-11-29 05:34:56', 0, 0, 0, 0),
(1811, '5118', '-34.596278', '138.729343', '2017-11-29', '2017-11-29 05:34:56', 0, 0, 0, 0),
(1812, '5120', '-34.662673', '138.571403', '2017-11-29', '2017-11-29 05:34:56', 0, 0, 0, 0),
(1813, '5121', '-34.672327', '138.624943', '2017-11-29', '2017-11-29 05:34:56', 0, 0, 0, 0),
(1814, '5125', '-34.768167', '138.734389', '2017-11-29', '2017-11-29 05:34:56', 0, 0, 0, 0),
(1815, '5126', '-34.797017', '138.734503', '2017-11-29', '2017-11-29 05:34:56', 0, 0, 0, 0),
(1816, '5127', '-34.799421', '138.687143', '2017-11-29', '2017-11-29 05:34:56', 0, 0, 0, 0),
(1817, '5131', '-34.806948', '138.7626', '2017-11-29', '2017-11-29 05:34:56', 0, 0, 0, 0),
(1818, '5132', '-34.847379', '138.771684', '2017-11-29', '2017-11-29 05:34:56', 0, 0, 0, 0),
(1819, '5133', '-34.812111', '138.799428', '2017-11-29', '2017-11-29 05:34:56', 0, 0, 0, 0),
(1820, '5134', '-34.890548', '138.757679', '2017-11-29', '2017-11-29 05:34:56', 0, 0, 0, 0),
(1821, '5136', '-34.918351', '138.735651', '2017-11-29', '2017-11-29 05:34:56', 0, 0, 0, 0),
(1822, '5137', '-34.941156', '138.736134', '2017-11-29', '2017-11-29 05:34:56', 0, 0, 0, 0),
(1823, '5138', '-34.934189', '138.771461', '2017-11-29', '2017-11-29 05:34:56', 0, 0, 0, 0),
(1824, '5139', '-34.929872', '138.800872', '2017-11-29', '2017-11-29 05:34:56', 0, 0, 0, 0),
(1825, '5140', '-34.949905', '138.691702', '2017-11-29', '2017-11-29 05:34:56', 0, 0, 0, 0),
(1826, '5141', '-34.944309', '138.712402', '2017-11-29', '2017-11-29 05:34:56', 0, 0, 0, 0),
(1827, '5142', '-34.960635', '138.745132', '2017-11-29', '2017-11-29 05:34:56', 0, 0, 0, 0),
(1828, '5144', '-34.967756', '138.769378', '2017-11-29', '2017-11-29 05:34:56', 0, 0, 0, 0),
(1829, '5151', '-34.978253', '138.733475', '2017-11-29', '2017-11-29 05:34:56', 0, 0, 0, 0),
(1830, '5152', '-34.987357', '138.702585', '2017-11-29', '2017-11-29 05:34:56', 0, 0, 0, 0),
(1831, '5153', '-23.992438', '134.050443', '2017-11-29', '2017-11-29 05:34:56', 0, 0, 0, 0),
(1832, '5154', '-35.015787', '138.739001', '2017-11-29', '2017-11-29 05:34:56', 0, 0, 0, 0),
(1833, '5155', '-35.002646', '138.765847', '2017-11-29', '2017-11-29 05:34:56', 0, 0, 0, 0),
(1834, '5156', '-35.025667', '138.670277', '2017-11-29', '2017-11-29 05:34:56', 0, 0, 0, 0),
(1835, '5157', '-35.202827', '138.693607', '2017-11-29', '2017-11-29 05:34:56', 0, 0, 0, 0),
(1836, '5158', '-35.0687', '138.529827', '2017-11-29', '2017-11-29 05:34:56', 0, 0, 0, 0),
(1837, '5159', '-35.071715', '138.592529', '2017-11-29', '2017-11-29 05:34:56', 0, 0, 0, 0),
(1838, '5160', '-35.106774', '138.492875', '2017-11-29', '2017-11-29 05:34:56', 0, 0, 0, 0),
(1839, '5161', '-35.095222', '138.53237', '2017-11-29', '2017-11-29 05:34:56', 0, 0, 0, 0),
(1840, '5162', '-35.114801', '138.540064', '2017-11-29', '2017-11-29 05:34:56', 0, 0, 0, 0),
(1841, '5163', '-35.140818', '138.553094', '2017-11-29', '2017-11-29 05:34:56', 0, 0, 0, 0),
(1842, '5164', '-35.129994', '138.496327', '2017-11-29', '2017-11-29 05:34:56', 0, 0, 0, 0),
(1843, '5165', '-35.13509', '138.477766', '2017-11-29', '2017-11-29 05:34:56', 0, 0, 0, 0),
(1844, '5166', '-35.121108', '138.476322', '2017-11-29', '2017-11-29 05:34:56', 0, 0, 0, 0),
(1845, '5167', '-35.157352', '138.474951', '2017-11-29', '2017-11-29 05:34:56', 0, 0, 0, 0),
(1846, '5168', '-35.159414', '138.498632', '2017-11-29', '2017-11-29 05:34:56', 0, 0, 0, 0),
(1847, '5169', '-35.187321', '138.481819', '2017-11-29', '2017-11-29 05:34:56', 0, 0, 0, 0),
(1848, '5170', '-35.232242', '138.480955', '2017-11-29', '2017-11-29 05:34:56', 0, 0, 0, 0),
(1849, '5171', '-35.202612', '138.565419', '2017-11-29', '2017-11-29 05:34:56', 0, 0, 0, 0),
(1850, '5172', '-35.27252', '138.622718', '2017-11-29', '2017-11-29 05:34:56', 0, 0, 0, 0),
(1851, '5173', '-35.280453', '138.47045', '2017-11-29', '2017-11-29 05:34:56', 0, 0, 0, 0),
(1852, '5174', '-35.318312', '138.487398', '2017-11-29', '2017-11-29 05:34:56', 0, 0, 0, 0),
(1853, '5201', '-35.211771', '138.780554', '2017-11-29', '2017-11-29 05:34:56', 0, 0, 0, 0),
(1854, '5202', '-35.392668', '138.457534', '2017-11-29', '2017-11-29 05:34:56', 0, 0, 0, 0),
(1855, '5203', '-23.992438', '134.050443', '2017-11-29', '2017-11-29 05:34:56', 0, 0, 0, 0),
(1856, '5204', '-35.582182', '138.206286', '2017-11-29', '2017-11-29 05:34:56', 0, 0, 0, 0),
(1857, '5210', '-35.348437', '138.628689', '2017-11-29', '2017-11-29 05:34:56', 0, 0, 0, 0),
(1858, '5211', '-35.533758', '138.47784', '2017-11-29', '2017-11-29 05:34:56', 0, 0, 0, 0),
(1859, '5212', '-35.507387', '138.672436', '2017-11-29', '2017-11-29 05:34:56', 0, 0, 0, 0),
(1860, '5213', '-35.484072', '138.710043', '2017-11-29', '2017-11-29 05:34:56', 0, 0, 0, 0),
(1861, '5214', '-35.482772', '138.825875', '2017-11-29', '2017-11-29 05:34:56', 0, 0, 0, 0),
(1862, '5220', '-35.781716', '137.256516', '2017-11-29', '2017-11-29 05:34:56', 0, 0, 0, 0),
(1863, '5221', '-35.780374', '137.769835', '2017-11-29', '2017-11-29 05:34:56', 0, 0, 0, 0),
(1864, '5222', '-35.811673', '137.959542', '2017-11-29', '2017-11-29 05:34:56', 0, 0, 0, 0),
(1865, '5223', '-35.829428', '137.170261', '2017-11-29', '2017-11-29 05:34:56', 0, 0, 0, 0),
(1866, '5231', '-23.992438', '134.050443', '2017-11-29', '2017-11-29 05:34:56', 0, 0, 0, 0),
(1867, '5232', '-34.862041', '138.83562', '2017-11-29', '2017-11-29 05:34:56', 0, 0, 0, 0),
(1868, '5233', '-34.810936', '138.906661', '2017-11-29', '2017-11-29 05:34:56', 0, 0, 0, 0),
(1869, '5234', '-34.813353', '138.976268', '2017-11-29', '2017-11-29 05:34:56', 0, 0, 0, 0),
(1870, '5235', '-34.713853', '139.090894', '2017-11-29', '2017-11-29 05:34:56', 0, 0, 0, 0),
(1871, '5236', '-34.857424', '139.100272', '2017-11-29', '2017-11-29 05:34:56', 0, 0, 0, 0),
(1872, '5237', '-34.854275', '139.162368', '2017-11-29', '2017-11-29 05:34:56', 0, 0, 0, 0),
(1873, '5238', '-34.834318', '139.51996', '2017-11-29', '2017-11-29 05:34:56', 0, 0, 0, 0),
(1874, '5240', '-34.9276', '138.824421', '2017-11-29', '2017-11-29 05:34:56', 0, 0, 0, 0),
(1875, '5241', '-34.899845', '138.873874', '2017-11-29', '2017-11-29 05:34:56', 0, 0, 0, 0),
(1876, '5242', '-34.989844', '138.82762', '2017-11-29', '2017-11-29 05:34:56', 0, 0, 0, 0),
(1877, '5243', '-34.980159', '138.857745', '2017-11-29', '2017-11-29 05:34:56', 0, 0, 0, 0),
(1878, '5244', '-23.992438', '134.050443', '2017-11-29', '2017-11-29 05:34:56', 0, 0, 0, 0),
(1879, '5245', '-35.014902', '138.815867', '2017-11-29', '2017-11-29 05:34:56', 0, 0, 0, 0),
(1880, '5250', '-35.041342', '138.864382', '2017-11-29', '2017-11-29 05:34:56', 0, 0, 0, 0),
(1881, '5251', '-35.099351', '138.902906', '2017-11-29', '2017-11-29 05:34:56', 0, 0, 0, 0),
(1882, '5252', '-35.048182', '138.96859', '2017-11-29', '2017-11-29 05:34:56', 0, 0, 0, 0),
(1883, '5253', '-35.092783', '139.432876', '2017-11-29', '2017-11-29 05:34:56', 0, 0, 0, 0),
(1884, '5254', '-35.172022', '139.201667', '2017-11-29', '2017-11-29 05:34:56', 0, 0, 0, 0),
(1885, '5255', '-35.300131', '138.930755', '2017-11-29', '2017-11-29 05:34:56', 0, 0, 0, 0),
(1886, '5256', '-35.43937', '139.009712', '2017-11-29', '2017-11-29 05:34:56', 0, 0, 0, 0),
(1887, '5259', '-35.588302', '139.201591', '2017-11-29', '2017-11-29 05:34:56', 0, 0, 0, 0),
(1888, '5260', '-35.263901', '139.511279', '2017-11-29', '2017-11-29 05:34:56', 0, 0, 0, 0),
(1889, '5261', '-35.429467', '139.754669', '2017-11-29', '2017-11-29 05:34:56', 0, 0, 0, 0),
(1890, '5262', '-36.780298', '140.808184', '2017-11-29', '2017-11-29 05:34:56', 0, 0, 0, 0),
(1891, '5263', '-37.250261', '140.791877', '2017-11-29', '2017-11-29 05:34:56', 0, 0, 0, 0),
(1892, '5264', '-35.846685', '139.626547', '2017-11-29', '2017-11-29 05:34:56', 0, 0, 0, 0),
(1893, '5265', '-35.827083', '140.031062', '2017-11-29', '2017-11-29 05:34:56', 0, 0, 0, 0),
(1894, '5266', '-35.885004', '140.057078', '2017-11-29', '2017-11-29 05:34:56', 0, 0, 0, 0),
(1895, '5267', '-36.106064', '140.527711', '2017-11-29', '2017-11-29 05:34:56', 0, 0, 0, 0),
(1896, '5268', '-36.526628', '140.790266', '2017-11-29', '2017-11-29 05:34:56', 0, 0, 0, 0),
(1897, '5269', '-36.338075', '140.900344', '2017-11-29', '2017-11-29 05:34:56', 0, 0, 0, 0),
(1898, '5270', '-23.992438', '134.050443', '2017-11-29', '2017-11-29 05:34:56', 0, 0, 0, 0),
(1899, '5271', '-36.962128', '140.694292', '2017-11-29', '2017-11-29 05:34:56', 0, 0, 0, 0),
(1900, '5272', '-37.053828', '140.351295', '2017-11-29', '2017-11-29 05:34:56', 0, 0, 0, 0),
(1901, '5275', '-36.643517', '140.02551', '2017-11-29', '2017-11-29 05:34:56', 0, 0, 0, 0),
(1902, '5276', '-37.187694', '139.979468', '2017-11-29', '2017-11-29 05:34:56', 0, 0, 0, 0),
(1903, '5277', '-37.395517', '140.791585', '2017-11-29', '2017-11-29 05:34:56', 0, 0, 0, 0),
(1904, '5278', '-37.534685', '140.795475', '2017-11-29', '2017-11-29 05:34:56', 0, 0, 0, 0),
(1905, '5279', '-23.992438', '134.050443', '2017-11-29', '2017-11-29 05:34:56', 0, 0, 0, 0),
(1906, '5280', '-37.519911', '140.326366', '2017-11-29', '2017-11-29 05:34:56', 0, 0, 0, 0),
(1907, '5290', '-37.826623', '140.779583', '2017-11-29', '2017-11-29 05:34:56', 0, 0, 0, 0),
(1908, '5291', '-37.831189', '140.730741', '2017-11-29', '2017-11-29 05:34:56', 0, 0, 0, 0),
(1909, '5301', '-23.992438', '134.050443', '2017-11-29', '2017-11-29 05:34:56', 0, 0, 0, 0),
(1910, '5302', '-35.51138', '140.517672', '2017-11-29', '2017-11-29 05:34:56', 0, 0, 0, 0),
(1911, '5303', '-35.266146', '140.786785', '2017-11-29', '2017-11-29 05:34:56', 0, 0, 0, 0),
(1912, '5304', '-23.992438', '134.050443', '2017-11-29', '2017-11-29 05:34:56', 0, 0, 0, 0),
(1913, '5307', '-35.140761', '139.864264', '2017-11-29', '2017-11-29 05:34:56', 0, 0, 0, 0),
(1914, '5308', '-34.723918', '140.03719', '2017-11-29', '2017-11-29 05:34:56', 0, 0, 0, 0),
(1915, '5309', '-35.023746', '140.13515', '2017-11-29', '2017-11-29 05:34:56', 0, 0, 0, 0),
(1916, '5311', '-34.696682', '140.705078', '2017-11-29', '2017-11-29 05:34:56', 0, 0, 0, 0),
(1917, '5320', '-34.080026', '139.550166', '2017-11-29', '2017-11-29 05:34:56', 0, 0, 0, 0),
(1918, '5321', '-34.05485', '139.769312', '2017-11-29', '2017-11-29 05:34:56', 0, 0, 0, 0),
(1919, '5322', '-23.992438', '134.050443', '2017-11-29', '2017-11-29 05:34:56', 0, 0, 0, 0),
(1920, '5330', '-34.059167', '140.044552', '2017-11-29', '2017-11-29 05:34:56', 0, 0, 0, 0),
(1921, '5331', '-34.238025', '140.249253', '2017-11-29', '2017-11-29 05:34:56', 0, 0, 0, 0),
(1922, '5332', '-34.308497', '140.348797', '2017-11-29', '2017-11-29 05:34:56', 0, 0, 0, 0),
(1923, '5333', '-34.496345', '140.356735', '2017-11-29', '2017-11-29 05:34:56', 0, 0, 0, 0),
(1924, '5340', '-34.177763', '140.858135', '2017-11-29', '2017-11-29 05:34:56', 0, 0, 0, 0),
(1925, '5341', '-34.163328', '140.700501', '2017-11-29', '2017-11-29 05:34:56', 0, 0, 0, 0),
(1926, '5342', '-34.233874', '140.591638', '2017-11-29', '2017-11-29 05:34:56', 0, 0, 0, 0),
(1927, '5343', '-34.336092', '140.526943', '2017-11-29', '2017-11-29 05:34:56', 0, 0, 0, 0),
(1928, '5344', '-34.276878', '140.541001', '2017-11-29', '2017-11-29 05:34:56', 0, 0, 0, 0),
(1929, '5345', '-34.201155', '140.443339', '2017-11-29', '2017-11-29 05:34:56', 0, 0, 0, 0),
(1930, '5346', '-34.235322', '140.411347', '2017-11-29', '2017-11-29 05:34:56', 0, 0, 0, 0),
(1931, '5350', '-34.589902', '138.837711', '2017-11-29', '2017-11-29 05:34:56', 0, 0, 0, 0),
(1932, '5351', '-34.662294', '138.932252', '2017-11-29', '2017-11-29 05:34:56', 0, 0, 0, 0),
(1933, '5352', '-34.538346', '138.942377', '2017-11-29', '2017-11-29 05:34:56', 0, 0, 0, 0),
(1934, '5353', '-34.605061', '139.238747', '2017-11-29', '2017-11-29 05:34:56', 0, 0, 0, 0),
(1935, '5354', '-34.566993', '139.595838', '2017-11-29', '2017-11-29 05:34:56', 0, 0, 0, 0),
(1936, '5355', '-34.421474', '139.00825', '2017-11-29', '2017-11-29 05:34:56', 0, 0, 0, 0),
(1937, '5356', '-34.39391', '139.281216', '2017-11-29', '2017-11-29 05:34:56', 0, 0, 0, 0),
(1938, '5357', '-34.356319', '139.898101', '2017-11-29', '2017-11-29 05:34:56', 0, 0, 0, 0),
(1939, '5360', '-34.419712', '138.918157', '2017-11-29', '2017-11-29 05:34:56', 0, 0, 0, 0),
(1940, '5371', '-34.529001', '138.780669', '2017-11-29', '2017-11-29 05:34:56', 0, 0, 0, 0),
(1941, '5372', '-34.401314', '138.809268', '2017-11-29', '2017-11-29 05:34:56', 0, 0, 0, 0),
(1942, '5373', '-34.286413', '138.934403', '2017-11-29', '2017-11-29 05:34:56', 0, 0, 0, 0),
(1943, '5374', '-34.159104', '139.174623', '2017-11-29', '2017-11-29 05:34:56', 0, 0, 0, 0),
(1944, '5381', '-33.92836', '139.191065', '2017-11-29', '2017-11-29 05:34:56', 0, 0, 0, 0),
(1945, '5400', '-34.448808', '138.673361', '2017-11-29', '2017-11-29 05:34:56', 0, 0, 0, 0),
(1946, '5401', '-34.261039', '138.628277', '2017-11-29', '2017-11-29 05:34:56', 0, 0, 0, 0),
(1947, '5410', '-34.32906', '138.73667', '2017-11-29', '2017-11-29 05:34:56', 0, 0, 0, 0),
(1948, '5411', '-34.26398', '138.779523', '2017-11-29', '2017-11-29 05:34:56', 0, 0, 0, 0),
(1949, '5412', '-34.161192', '138.732584', '2017-11-29', '2017-11-29 05:34:56', 0, 0, 0, 0),
(1950, '5413', '-34.04531', '138.898834', '2017-11-29', '2017-11-29 05:34:56', 0, 0, 0, 0),
(1951, '5414', '-34.035541', '138.797791', '2017-11-29', '2017-11-29 05:34:56', 0, 0, 0, 0),
(1952, '5415', '-33.910043', '138.736622', '2017-11-29', '2017-11-29 05:34:56', 0, 0, 0, 0),
(1953, '5416', '-33.830378', '138.796973', '2017-11-29', '2017-11-29 05:34:56', 0, 0, 0, 0),
(1954, '5417', '-23.992438', '134.050443', '2017-11-29', '2017-11-29 05:34:56', 0, 0, 0, 0),
(1955, '5419', '-33.404505', '139.031732', '2017-11-29', '2017-11-29 05:34:56', 0, 0, 0, 0),
(1956, '5421', '-33.206994', '139.068309', '2017-11-29', '2017-11-29 05:34:56', 0, 0, 0, 0),
(1957, '5422', '-23.992438', '134.050443', '2017-11-29', '2017-11-29 05:34:56', 0, 0, 0, 0),
(1958, '5431', '-32.507897', '138.640486', '2017-11-29', '2017-11-29 05:34:56', 0, 0, 0, 0),
(1959, '5433', '-32.07196', '138.306138', '2017-11-29', '2017-11-29 05:34:56', 0, 0, 0, 0),
(1960, '5434', '-31.887596', '138.419992', '2017-11-29', '2017-11-29 05:34:56', 0, 0, 0, 0),
(1961, '5440', '-32.369346', '139.856247', '2017-11-29', '2017-11-29 05:34:56', 0, 0, 0, 0),
(1962, '5451', '-34.036912', '138.679738', '2017-11-29', '2017-11-29 05:34:56', 0, 0, 0, 0),
(1963, '5452', '-23.992438', '134.050443', '2017-11-29', '2017-11-29 05:34:56', 0, 0, 0, 0),
(1964, '5453', '-33.785117', '138.628518', '2017-11-29', '2017-11-29 05:34:56', 0, 0, 0, 0),
(1965, '5454', '-23.992438', '134.050443', '2017-11-29', '2017-11-29 05:34:56', 0, 0, 0, 0),
(1966, '5460', '-34.273797', '138.485034', '2017-11-29', '2017-11-29 05:34:56', 0, 0, 0, 0),
(1967, '5461', '-34.06421', '138.460012', '2017-11-29', '2017-11-29 05:34:56', 0, 0, 0, 0),
(1968, '5462', '-33.846806', '138.48762', '2017-11-29', '2017-11-29 05:34:56', 0, 0, 0, 0),
(1969, '5464', '-33.744463', '138.445846', '2017-11-29', '2017-11-29 05:34:56', 0, 0, 0, 0),
(1970, '5470', '-33.526168', '138.472868', '2017-11-29', '2017-11-29 05:34:56', 0, 0, 0, 0),
(1971, '5472', '-33.394812', '138.371314', '2017-11-29', '2017-11-29 05:34:56', 0, 0, 0, 0),
(1972, '5473', '-33.289602', '138.399498', '2017-11-29', '2017-11-29 05:34:56', 0, 0, 0, 0),
(1973, '5480', '-33.163638', '138.254899', '2017-11-29', '2017-11-29 05:34:56', 0, 0, 0, 0),
(1974, '5481', '-33.034676', '138.285815', '2017-11-29', '2017-11-29 05:34:56', 0, 0, 0, 0),
(1975, '5482', '-32.868812', '138.343114', '2017-11-29', '2017-11-29 05:34:56', 0, 0, 0, 0),
(1976, '5483', '-32.877135', '138.081873', '2017-11-29', '2017-11-29 05:34:56', 0, 0, 0, 0),
(1977, '5485', '-32.602229', '138.205878', '2017-11-29', '2017-11-29 05:34:56', 0, 0, 0, 0),
(1978, '5490', '-33.164938', '138.451933', '2017-11-29', '2017-11-29 05:34:56', 0, 0, 0, 0),
(1979, '5491', '-33.212415', '138.649696', '2017-11-29', '2017-11-29 05:34:56', 0, 0, 0, 0),
(1980, '5495', '-33.031026', '138.065286', '2017-11-29', '2017-11-29 05:34:56', 0, 0, 0, 0),
(1981, '5501', '-34.495259', '138.402442', '2017-11-29', '2017-11-29 05:34:56', 0, 0, 0, 0),
(1982, '5502', '-34.459089', '138.531395', '2017-11-29', '2017-11-29 05:34:56', 0, 0, 0, 0),
(1983, '5510', '-33.97487', '138.232843', '2017-11-29', '2017-11-29 05:34:56', 0, 0, 0, 0),
(1984, '5520', '-33.751353', '138.224233', '2017-11-29', '2017-11-29 05:34:56', 0, 0, 0, 0),
(1985, '5521', '-33.546962', '138.270575', '2017-11-29', '2017-11-29 05:34:56', 0, 0, 0, 0),
(1986, '5522', '-33.630183', '137.990005', '2017-11-29', '2017-11-29 05:34:56', 0, 0, 0, 0),
(1987, '5523', '-33.378407', '138.071258', '2017-11-29', '2017-11-29 05:34:56', 0, 0, 0, 0),
(1988, '5540', '-33.218927', '138.028057', '2017-11-29', '2017-11-29 05:34:56', 0, 0, 0, 0),
(1989, '5550', '-34.226628', '138.256354', '2017-11-29', '2017-11-29 05:34:56', 0, 0, 0, 0),
(1990, '5552', '-23.992438', '134.050443', '2017-11-29', '2017-11-29 05:34:56', 0, 0, 0, 0),
(1991, '5554', '-34.005509', '137.769659', '2017-11-29', '2017-11-29 05:34:56', 0, 0, 0, 0),
(1992, '5555', '-33.913604', '137.926004', '2017-11-29', '2017-11-29 05:34:56', 0, 0, 0, 0),
(1993, '5556', '-33.893457', '137.667806', '2017-11-29', '2017-11-29 05:34:56', 0, 0, 0, 0),
(1994, '5558', '-34.076082', '137.591364', '2017-11-29', '2017-11-29 05:34:56', 0, 0, 0, 0),
(1995, '5560', '-33.840021', '137.999847', '2017-11-29', '2017-11-29 05:34:56', 0, 0, 0, 0),
(1996, '5570', '-34.326668', '137.892988', '2017-11-29', '2017-11-29 05:34:56', 0, 0, 0, 0),
(1997, '5571', '-34.567795', '137.876316', '2017-11-29', '2017-11-29 05:34:56', 0, 0, 0, 0),
(1998, '5572', '-34.183769', '137.685654', '2017-11-29', '2017-11-29 05:34:56', 0, 0, 0, 0),
(1999, '5573', '-34.430119', '137.614444', '2017-11-29', '2017-11-29 05:34:56', 0, 0, 0, 0),
(2000, '5575', '-23.992438', '134.050443', '2017-11-29', '2017-11-29 05:34:56', 0, 0, 0, 0),
(2001, '5576', '-23.992438', '134.050443', '2017-11-29', '2017-11-29 05:34:56', 0, 0, 0, 0),
(2002, '5577', '-35.229416', '136.865813', '2017-11-29', '2017-11-29 05:34:56', 0, 0, 0, 0),
(2003, '5580', '-34.733008', '137.751156', '2017-11-29', '2017-11-29 05:34:56', 0, 0, 0, 0),
(2004, '5581', '-34.775078', '137.857962', '2017-11-29', '2017-11-29 05:34:56', 0, 0, 0, 0),
(2005, '5582', '-34.910519', '137.793618', '2017-11-29', '2017-11-29 05:34:56', 0, 0, 0, 0),
(2006, '5583', '-23.992438', '134.050443', '2017-11-29', '2017-11-29 05:34:56', 0, 0, 0, 0),
(2007, '5600', '-33.348397', '137.093605', '2017-11-29', '2017-11-29 05:34:56', 0, 0, 0, 0),
(2008, '5601', '-32.73968', '137.154516', '2017-11-29', '2017-11-29 05:34:56', 0, 0, 0, 0),
(2009, '5602', '-33.710686', '136.821087', '2017-11-29', '2017-11-29 05:34:56', 0, 0, 0, 0),
(2010, '5603', '-33.909744', '136.570409', '2017-11-29', '2017-11-29 05:34:56', 0, 0, 0, 0),
(2011, '5604', '-34.11966', '136.347657', '2017-11-29', '2017-11-29 05:34:56', 0, 0, 0, 0),
(2012, '5605', '-34.386369', '135.954661', '2017-11-29', '2017-11-29 05:34:56', 0, 0, 0, 0),
(2013, '5606', '-23.992438', '134.050443', '2017-11-29', '2017-11-29 05:34:56', 0, 0, 0, 0),
(2014, '5607', '-33.959745', '135.493365', '2017-11-29', '2017-11-29 05:34:56', 0, 0, 0, 0),
(2015, '5608', '-33.030147', '137.529648', '2017-11-29', '2017-11-29 05:34:56', 0, 0, 0, 0),
(2016, '5609', '-33.027173', '137.508135', '2017-11-29', '2017-11-29 05:34:56', 0, 0, 0, 0),
(2017, '5630', '-34.457876', '135.676076', '2017-11-29', '2017-11-29 05:34:56', 0, 0, 0, 0),
(2018, '5631', '-34.216327', '135.52534', '2017-11-29', '2017-11-29 05:34:56', 0, 0, 0, 0),
(2019, '5633', '-33.680196', '135.688247', '2017-11-29', '2017-11-29 05:34:56', 0, 0, 0, 0),
(2020, '5640', '-33.751614', '136.535732', '2017-11-29', '2017-11-29 05:34:56', 0, 0, 0, 0),
(2021, '5641', '-33.093085', '136.19915', '2017-11-29', '2017-11-29 05:34:56', 0, 0, 0, 0),
(2022, '5642', '-33.650321', '136.16709', '2017-11-29', '2017-11-29 05:34:56', 0, 0, 0, 0),
(2023, '5650', '-33.173448', '135.500275', '2017-11-29', '2017-11-29 05:34:56', 0, 0, 0, 0),
(2024, '5652', '-33.047471', '135.458438', '2017-11-29', '2017-11-29 05:34:56', 0, 0, 0, 0),
(2025, '5654', '-32.906364', '135.131863', '2017-11-29', '2017-11-29 05:34:56', 0, 0, 0, 0),
(2026, '5670', '-33.64943', '134.891999', '2017-11-29', '2017-11-29 05:34:56', 0, 0, 0, 0),
(2027, '5680', '-32.707988', '134.563989', '2017-11-29', '2017-11-29 05:34:56', 0, 0, 0, 0),
(2028, '5690', '-30.030188', '131.566831', '2017-11-29', '2017-11-29 05:34:56', 0, 0, 0, 0),
(2029, '5700', '-32.577547', '137.848719', '2017-11-29', '2017-11-29 05:34:56', 0, 0, 0, 0),
(2030, '5710', '-29.910634', '135.509404', '2017-11-29', '2017-11-29 05:34:56', 0, 0, 0, 0),
(2031, '5720', '-31.165646', '136.819263', '2017-11-29', '2017-11-29 05:34:56', 0, 0, 0, 0),
(2032, '5722', '-30.449205', '137.166744', '2017-11-29', '2017-11-29 05:34:56', 0, 0, 0, 0),
(2033, '5723', '-23.992438', '134.050443', '2017-11-29', '2017-11-29 05:34:56', 0, 0, 0, 0),
(2034, '5724', '-27.466158', '132.910158', '2017-11-29', '2017-11-29 05:34:56', 0, 0, 0, 0),
(2035, '5725', '-30.483915', '136.875974', '2017-11-29', '2017-11-29 05:34:56', 0, 0, 0, 0),
(2036, '5731', '-28.236896', '138.572914', '2017-11-29', '2017-11-29 05:34:56', 0, 0, 0, 0),
(2037, '5732', '-30.563306', '138.959354', '2017-11-29', '2017-11-29 05:34:56', 0, 0, 0, 0),
(2038, '5734', '-27.563862', '135.444716', '2017-11-29', '2017-11-29 05:34:56', 0, 0, 0, 0),
(2039, '5950', '-34.946129', '138.530802', '2017-11-29', '2017-11-29 05:34:56', 0, 0, 0, 0),
(2040, '5960', '-34.790193', '138.528783', '2017-11-29', '2017-11-29 05:34:56', 0, 0, 0, 0),
(2041, '6000', '-31.956035', '115.847023', '2017-11-29', '2017-11-29 05:34:56', 0, 0, 0, 0),
(2042, '6003', '-31.943151', '115.862247', '2017-11-29', '2017-11-29 05:34:56', 0, 0, 0, 0),
(2043, '6004', '-31.956227', '115.876978', '2017-11-29', '2017-11-29 05:34:56', 0, 0, 0, 0),
(2044, '6005', '-31.945579', '115.846209', '2017-11-29', '2017-11-29 05:34:56', 0, 0, 0, 0),
(2045, '6006', '-31.926976', '115.853002', '2017-11-29', '2017-11-29 05:34:56', 0, 0, 0, 0),
(2046, '6007', '-31.935354', '115.83712', '2017-11-29', '2017-11-29 05:34:56', 0, 0, 0, 0),
(2047, '6008', '-31.95301', '115.813916', '2017-11-29', '2017-11-29 05:34:56', 0, 0, 0, 0),
(2048, '6009', '-31.985664', '115.804027', '2017-11-29', '2017-11-29 05:34:56', 0, 0, 0, 0),
(2049, '6010', '-31.969727', '115.777483', '2017-11-29', '2017-11-29 05:34:56', 0, 0, 0, 0),
(2050, '6011', '-31.99538', '115.760147', '2017-11-29', '2017-11-29 05:34:56', 0, 0, 0, 0),
(2051, '6012', '-23.992438', '134.050443', '2017-11-29', '2017-11-29 05:34:56', 0, 0, 0, 0),
(2052, '6014', '-31.936535', '115.805711', '2017-11-29', '2017-11-29 05:34:56', 0, 0, 0, 0),
(2053, '6015', '-31.935594', '115.765616', '2017-11-29', '2017-11-29 05:34:56', 0, 0, 0, 0),
(2054, '6016', '-31.919981', '115.831519', '2017-11-29', '2017-11-29 05:34:56', 0, 0, 0, 0),
(2055, '6017', '-31.91057', '115.81238', '2017-11-29', '2017-11-29 05:34:56', 0, 0, 0, 0),
(2056, '6018', '-31.887065', '115.786403', '2017-11-29', '2017-11-29 05:34:56', 0, 0, 0, 0),
(2057, '6019', '-31.90686', '115.770995', '2017-11-29', '2017-11-29 05:34:56', 0, 0, 0, 0),
(2058, '6020', '-31.845944', '115.766179', '2017-11-29', '2017-11-29 05:34:56', 0, 0, 0, 0),
(2059, '6021', '-31.877139', '115.815986', '2017-11-29', '2017-11-29 05:34:56', 0, 0, 0, 0),
(2060, '6022', '-31.851067', '115.812504', '2017-11-29', '2017-11-29 05:34:56', 0, 0, 0, 0),
(2061, '6023', '-31.832909', '115.775898', '2017-11-29', '2017-11-29 05:34:56', 0, 0, 0, 0),
(2062, '6024', '-31.831784', '115.804685', '2017-11-29', '2017-11-29 05:34:56', 0, 0, 0, 0),
(2063, '6025', '-31.800267', '115.757658', '2017-11-29', '2017-11-29 05:34:56', 0, 0, 0, 0),
(2064, '6026', '-31.80028', '115.798851', '2017-11-29', '2017-11-29 05:34:56', 0, 0, 0, 0),
(2065, '6027', '-31.755169', '115.760976', '2017-11-29', '2017-11-29 05:34:56', 0, 0, 0, 0),
(2066, '6028', '-31.726728', '115.733293', '2017-11-29', '2017-11-29 05:34:56', 0, 0, 0, 0),
(2067, '6029', '-31.87628', '115.758202', '2017-11-29', '2017-11-29 05:34:56', 0, 0, 0, 0),
(2068, '6030', '-31.682767', '115.716051', '2017-11-29', '2017-11-29 05:34:56', 0, 0, 0, 0),
(2069, '6031', '-31.683023', '115.769109', '2017-11-29', '2017-11-29 05:34:56', 0, 0, 0, 0),
(2070, '6032', '-31.637076', '115.762539', '2017-11-29', '2017-11-29 05:34:56', 0, 0, 0, 0),
(2071, '6033', '-31.59388', '115.689515', '2017-11-29', '2017-11-29 05:34:56', 0, 0, 0, 0),
(2072, '6035', '-31.541696', '115.640911', '2017-11-29', '2017-11-29 05:34:56', 0, 0, 0, 0),
(2073, '6036', '-31.642516', '115.696531', '2017-11-29', '2017-11-29 05:34:56', 0, 0, 0, 0),
(2074, '6037', '-31.549188', '115.756089', '2017-11-29', '2017-11-29 05:34:56', 0, 0, 0, 0),
(2075, '6041', '-31.304458', '115.523452', '2017-11-29', '2017-11-29 05:34:56', 0, 0, 0, 0),
(2076, '6042', '-31.264512', '115.45574', '2017-11-29', '2017-11-29 05:34:56', 0, 0, 0, 0),
(2077, '6043', '-31.100186', '115.390862', '2017-11-29', '2017-11-29 05:34:56', 0, 0, 0, 0),
(2078, '6044', '-30.76851', '115.468098', '2017-11-29', '2017-11-29 05:34:56', 0, 0, 0, 0),
(2079, '6050', '-31.925658', '115.869438', '2017-11-29', '2017-11-29 05:34:56', 0, 0, 0, 0),
(2080, '6051', '-31.936944', '115.900065', '2017-11-29', '2017-11-29 05:34:56', 0, 0, 0, 0),
(2081, '6052', '-31.913533', '115.884896', '2017-11-29', '2017-11-29 05:34:56', 0, 0, 0, 0),
(2082, '6053', '-31.916859', '115.917761', '2017-11-29', '2017-11-29 05:34:56', 0, 0, 0, 0),
(2083, '6054', '-31.899039', '115.945123', '2017-11-29', '2017-11-29 05:34:56', 0, 0, 0, 0),
(2084, '6055', '-31.864826', '115.986046', '2017-11-29', '2017-11-29 05:34:56', 0, 0, 0, 0),
(2085, '6056', '-31.854939', '116.041273', '2017-11-29', '2017-11-29 05:34:56', 0, 0, 0, 0),
(2086, '6057', '-31.950353', '116.012754', '2017-11-29', '2017-11-29 05:34:56', 0, 0, 0, 0),
(2087, '6058', '-31.982767', '116.00673', '2017-11-29', '2017-11-29 05:34:56', 0, 0, 0, 0),
(2088, '6059', '-31.888223', '115.871864', '2017-11-29', '2017-11-29 05:34:56', 0, 0, 0, 0),
(2089, '6060', '-31.901887', '115.845769', '2017-11-29', '2017-11-29 05:34:56', 0, 0, 0, 0),
(2090, '6061', '-31.863945', '115.849019', '2017-11-29', '2017-11-29 05:34:56', 0, 0, 0, 0),
(2091, '6062', '-31.884772', '115.906734', '2017-11-29', '2017-11-29 05:34:56', 0, 0, 0, 0),
(2092, '6063', '-31.86515', '115.936612', '2017-11-29', '2017-11-29 05:34:56', 0, 0, 0, 0),
(2093, '6064', '-31.834268', '115.850343', '2017-11-29', '2017-11-29 05:34:56', 0, 0, 0, 0),
(2094, '6065', '-31.77376', '115.826462', '2017-11-29', '2017-11-29 05:34:56', 0, 0, 0, 0),
(2095, '6066', '-31.840624', '115.895494', '2017-11-29', '2017-11-29 05:34:56', 0, 0, 0, 0),
(2096, '6067', '-23.992438', '134.050443', '2017-11-29', '2017-11-29 05:34:56', 0, 0, 0, 0),
(2097, '6068', '-31.824453', '115.941583', '2017-11-29', '2017-11-29 05:34:56', 0, 0, 0, 0),
(2098, '6069', '-31.768215', '116.02431', '2017-11-29', '2017-11-29 05:34:56', 0, 0, 0, 0),
(2099, '6070', '-31.924635', '116.080698', '2017-11-29', '2017-11-29 05:34:56', 0, 0, 0, 0),
(2100, '6071', '-31.888018', '116.100435', '2017-11-29', '2017-11-29 05:34:56', 0, 0, 0, 0),
(2101, '6072', '-31.907669', '116.132331', '2017-11-29', '2017-11-29 05:34:56', 0, 0, 0, 0),
(2102, '6073', '-31.922687', '116.165619', '2017-11-29', '2017-11-29 05:34:56', 0, 0, 0, 0),
(2103, '6074', '-31.963339', '116.283662', '2017-11-29', '2017-11-29 05:34:56', 0, 0, 0, 0),
(2104, '6076', '-32.01617', '116.140728', '2017-11-29', '2017-11-29 05:34:56', 0, 0, 0, 0),
(2105, '6077', '-31.755878', '115.861173', '2017-11-29', '2017-11-29 05:34:56', 0, 0, 0, 0),
(2106, '6078', '-31.711059', '115.843207', '2017-11-29', '2017-11-29 05:34:56', 0, 0, 0, 0),
(2107, '6079', '-23.992438', '134.050443', '2017-11-29', '2017-11-29 05:34:56', 0, 0, 0, 0),
(2108, '6081', '-31.86297', '116.149402', '2017-11-29', '2017-11-29 05:34:56', 0, 0, 0, 0),
(2109, '6082', '-31.859125', '116.209839', '2017-11-29', '2017-11-29 05:34:56', 0, 0, 0, 0),
(2110, '6083', '-31.700563', '116.27187', '2017-11-29', '2017-11-29 05:34:56', 0, 0, 0, 0),
(2111, '6084', '-31.607398', '116.077224', '2017-11-29', '2017-11-29 05:34:56', 0, 0, 0, 0),
(2112, '6090', '-31.858593', '115.894227', '2017-11-29', '2017-11-29 05:34:56', 0, 0, 0, 0),
(2113, '6100', '-31.964975', '115.895882', '2017-11-29', '2017-11-29 05:34:56', 0, 0, 0, 0),
(2114, '6101', '-31.985097', '115.909635', '2017-11-29', '2017-11-29 05:34:56', 0, 0, 0, 0),
(2115, '6102', '-32.003845', '115.907461', '2017-11-29', '2017-11-29 05:34:56', 0, 0, 0, 0),
(2116, '6103', '-31.960545', '115.915873', '2017-11-29', '2017-11-29 05:34:56', 0, 0, 0, 0),
(2117, '6104', '-31.941554', '115.934393', '2017-11-29', '2017-11-29 05:34:56', 0, 0, 0, 0),
(2118, '6105', '-31.956167', '115.962869', '2017-11-29', '2017-11-29 05:34:56', 0, 0, 0, 0),
(2119, '6106', '-31.992616', '115.948941', '2017-11-29', '2017-11-29 05:34:56', 0, 0, 0, 0),
(2120, '6107', '-32.01741', '115.965282', '2017-11-29', '2017-11-29 05:34:56', 0, 0, 0, 0),
(2121, '6108', '-32.060026', '115.954995', '2017-11-29', '2017-11-29 05:34:56', 0, 0, 0, 0),
(2122, '6109', '-32.042692', '116.014426', '2017-11-29', '2017-11-29 05:34:56', 0, 0, 0, 0),
(2123, '6110', '-32.085042', '116.007518', '2017-11-29', '2017-11-29 05:34:56', 0, 0, 0, 0),
(2124, '6111', '-32.160723', '116.173367', '2017-11-29', '2017-11-29 05:34:56', 0, 0, 0, 0),
(2125, '6112', '-32.163547', '116.003361', '2017-11-29', '2017-11-29 05:34:56', 0, 0, 0, 0),
(2126, '6121', '-32.236139', '115.924561', '2017-11-29', '2017-11-29 05:34:56', 0, 0, 0, 0),
(2127, '6122', '-32.249021', '116.037697', '2017-11-29', '2017-11-29 05:34:56', 0, 0, 0, 0),
(2128, '6123', '-32.28302', '115.977069', '2017-11-29', '2017-11-29 05:34:56', 0, 0, 0, 0),
(2129, '6124', '-32.370109', '116.14975', '2017-11-29', '2017-11-29 05:34:56', 0, 0, 0, 0),
(2130, '6125', '-32.366305', '115.957912', '2017-11-29', '2017-11-29 05:34:56', 0, 0, 0, 0),
(2131, '6126', '-32.437548', '115.979065', '2017-11-29', '2017-11-29 05:34:56', 0, 0, 0, 0),
(2132, '6147', '-32.043686', '115.927766', '2017-11-29', '2017-11-29 05:34:56', 0, 0, 0, 0),
(2133, '6148', '-32.032699', '115.899417', '2017-11-29', '2017-11-29 05:34:56', 0, 0, 0, 0),
(2134, '6149', '-32.06788', '115.86471', '2017-11-29', '2017-11-29 05:34:56', 0, 0, 0, 0),
(2135, '6150', '-32.060613', '115.83673', '2017-11-29', '2017-11-29 05:34:56', 0, 0, 0, 0),
(2136, '6151', '-31.981039', '115.869643', '2017-11-29', '2017-11-29 05:34:56', 0, 0, 0, 0),
(2137, '6152', '-32.007819', '115.871017', '2017-11-29', '2017-11-29 05:34:56', 0, 0, 0, 0),
(2138, '6153', '-32.024234', '115.841626', '2017-11-29', '2017-11-29 05:34:56', 0, 0, 0, 0),
(2139, '6154', '-32.038987', '115.82613', '2017-11-29', '2017-11-29 05:34:56', 0, 0, 0, 0),
(2140, '6155', '-32.074001', '115.909452', '2017-11-29', '2017-11-29 05:34:56', 0, 0, 0, 0),
(2141, '6156', '-32.037315', '115.803278', '2017-11-29', '2017-11-29 05:34:56', 0, 0, 0, 0),
(2142, '6157', '-32.035717', '115.785971', '2017-11-29', '2017-11-29 05:34:56', 0, 0, 0, 0),
(2143, '6158', '-32.03794', '115.768167', '2017-11-29', '2017-11-29 05:34:56', 0, 0, 0, 0),
(2144, '6159', '-32.037174', '115.747507', '2017-11-29', '2017-11-29 05:34:56', 0, 0, 0, 0),
(2145, '6160', '-32.053391', '115.7585', '2017-11-29', '2017-11-29 05:34:56', 0, 0, 0, 0),
(2146, '6161', '-23.992438', '134.050443', '2017-11-29', '2017-11-29 05:34:56', 0, 0, 0, 0),
(2147, '6162', '-32.068082', '115.765066', '2017-11-29', '2017-11-29 05:34:56', 0, 0, 0, 0),
(2148, '6163', '-32.087932', '115.799794', '2017-11-29', '2017-11-29 05:34:56', 0, 0, 0, 0),
(2149, '6164', '-32.130328', '115.862362', '2017-11-29', '2017-11-29 05:34:56', 0, 0, 0, 0),
(2150, '6165', '-32.211386', '115.794448', '2017-11-29', '2017-11-29 05:34:56', 0, 0, 0, 0),
(2151, '6166', '-32.15166', '115.799906', '2017-11-29', '2017-11-29 05:34:56', 0, 0, 0, 0),
(2152, '6167', '-32.22113', '115.849978', '2017-11-29', '2017-11-29 05:34:56', 0, 0, 0, 0),
(2153, '6168', '-32.275989', '115.745578', '2017-11-29', '2017-11-29 05:34:56', 0, 0, 0, 0),
(2154, '6169', '-32.317004', '115.742971', '2017-11-29', '2017-11-29 05:34:56', 0, 0, 0, 0),
(2155, '6170', '-32.266783', '115.829821', '2017-11-29', '2017-11-29 05:34:56', 0, 0, 0, 0),
(2156, '6171', '-32.328894', '115.830472', '2017-11-29', '2017-11-29 05:34:56', 0, 0, 0, 0),
(2157, '6172', '-32.373418', '115.751498', '2017-11-29', '2017-11-29 05:34:56', 0, 0, 0, 0),
(2158, '6173', '-32.405892', '115.758522', '2017-11-29', '2017-11-29 05:34:56', 0, 0, 0, 0),
(2159, '6174', '-32.425045', '115.760985', '2017-11-29', '2017-11-29 05:34:56', 0, 0, 0, 0),
(2160, '6175', '-32.44403', '115.757249', '2017-11-29', '2017-11-29 05:34:56', 0, 0, 0, 0),
(2161, '6176', '-32.417522', '115.794275', '2017-11-29', '2017-11-29 05:34:56', 0, 0, 0, 0),
(2162, '6180', '-32.481652', '115.772423', '2017-11-29', '2017-11-29 05:34:56', 0, 0, 0, 0),
(2163, '6181', '-32.477831', '115.79416', '2017-11-29', '2017-11-29 05:34:56', 0, 0, 0, 0),
(2164, '6182', '-32.429906', '115.831393', '2017-11-29', '2017-11-29 05:34:56', 0, 0, 0, 0),
(2165, '6207', '-32.515618', '115.89635', '2017-11-29', '2017-11-29 05:34:56', 0, 0, 0, 0),
(2166, '6208', '-32.677256', '115.847597', '2017-11-29', '2017-11-29 05:34:56', 0, 0, 0, 0),
(2167, '6209', '-32.544698', '115.786071', '2017-11-29', '2017-11-29 05:34:56', 0, 0, 0, 0),
(2168, '6210', '-32.538429', '115.722819', '2017-11-29', '2017-11-29 05:34:56', 0, 0, 0, 0),
(2169, '6211', '-32.716385', '115.645097', '2017-11-29', '2017-11-29 05:34:56', 0, 0, 0, 0),
(2170, '6213', '-32.615145', '116.121701', '2017-11-29', '2017-11-29 05:34:56', 0, 0, 0, 0),
(2171, '6214', '-32.756682', '115.869652', '2017-11-29', '2017-11-29 05:34:56', 0, 0, 0, 0),
(2172, '6215', '-32.857922', '115.92018', '2017-11-29', '2017-11-29 05:34:56', 0, 0, 0, 0),
(2173, '6218', '-32.94965', '115.90657', '2017-11-29', '2017-11-29 05:34:56', 0, 0, 0, 0),
(2174, '6220', '-33.060669', '115.939676', '2017-11-29', '2017-11-29 05:34:56', 0, 0, 0, 0),
(2175, '6221', '-33.151609', '115.843479', '2017-11-29', '2017-11-29 05:34:56', 0, 0, 0, 0),
(2176, '6224', '-33.232395', '115.862816', '2017-11-29', '2017-11-29 05:34:56', 0, 0, 0, 0),
(2177, '6225', '-33.283553', '116.21156', '2017-11-29', '2017-11-29 05:34:56', 0, 0, 0, 0),
(2178, '6226', '-33.294314', '115.866272', '2017-11-29', '2017-11-29 05:34:56', 0, 0, 0, 0),
(2179, '6227', '-33.312837', '115.814671', '2017-11-29', '2017-11-29 05:34:56', 0, 0, 0, 0),
(2180, '6229', '-33.332742', '115.790359', '2017-11-29', '2017-11-29 05:34:56', 0, 0, 0, 0),
(2181, '6230', '-33.378109', '115.651835', '2017-11-29', '2017-11-29 05:34:56', 0, 0, 0, 0),
(2182, '6232', '-33.310989', '115.720568', '2017-11-29', '2017-11-29 05:34:56', 0, 0, 0, 0),
(2183, '6233', '-33.251311', '115.710913', '2017-11-29', '2017-11-29 05:34:56', 0, 0, 0, 0),
(2184, '6236', '-33.433759', '115.866526', '2017-11-29', '2017-11-29 05:34:56', 0, 0, 0, 0),
(2185, '6237', '-33.536712', '115.667711', '2017-11-29', '2017-11-29 05:34:56', 0, 0, 0, 0),
(2186, '6239', '-33.612465', '115.949469', '2017-11-29', '2017-11-29 05:34:56', 0, 0, 0, 0),
(2187, '6240', '-33.545326', '115.932652', '2017-11-29', '2017-11-29 05:34:56', 0, 0, 0, 0),
(2188, '6244', '-33.891757', '116.523996', '2017-11-29', '2017-11-29 05:34:56', 0, 0, 0, 0),
(2189, '6251', '-33.716997', '116.036036', '2017-11-29', '2017-11-29 05:34:56', 0, 0, 0, 0),
(2190, '6253', '-33.829049', '115.967312', '2017-11-29', '2017-11-29 05:34:56', 0, 0, 0, 0),
(2191, '6254', '-33.914485', '116.03863', '2017-11-29', '2017-11-29 05:34:56', 0, 0, 0, 0),
(2192, '6255', '-34.006816', '116.271724', '2017-11-29', '2017-11-29 05:34:56', 0, 0, 0, 0),
(2193, '6256', '-34.06205', '116.105548', '2017-11-29', '2017-11-29 05:34:56', 0, 0, 0, 0),
(2194, '6258', '-34.349117', '116.369749', '2017-11-29', '2017-11-29 05:34:56', 0, 0, 0, 0),
(2195, '6260', '-34.440995', '115.955537', '2017-11-29', '2017-11-29 05:34:56', 0, 0, 0, 0),
(2196, '6262', '-34.724219', '116.255105', '2017-11-29', '2017-11-29 05:34:56', 0, 0, 0, 0),
(2197, '6271', '-33.566544', '115.535', '2017-11-29', '2017-11-29 05:34:56', 0, 0, 0, 0),
(2198, '6275', '-34.135792', '115.670594', '2017-11-29', '2017-11-29 05:34:56', 0, 0, 0, 0),
(2199, '6280', '-33.734367', '115.397787', '2017-11-29', '2017-11-29 05:34:56', 0, 0, 0, 0),
(2200, '6281', '-33.619981', '115.088786', '2017-11-29', '2017-11-29 05:34:56', 0, 0, 0, 0),
(2201, '6282', '-33.689278', '115.050276', '2017-11-29', '2017-11-29 05:34:56', 0, 0, 0, 0);
INSERT INTO `tblPostalCodes` (`fldPostalCodeId`, `fldPostalCode`, `fldPostalCodeLat`, `fldPostalCodeLong`, `fldPostalCodeCreated`, `fldPostalCodeModified`, `fldPostalCodeDeleted`, `fldPostalUserId`, `fldPostalCodeStateId`, `fldPostalCodeRegionalId`) VALUES
(2202, '6284', '-33.940757', '115.342173', '2017-11-29', '2017-11-29 05:34:56', 0, 0, 0, 0),
(2203, '6285', '-33.924248', '115.174439', '2017-11-29', '2017-11-29 05:34:56', 0, 0, 0, 0),
(2204, '6286', '-34.08164', '115.091241', '2017-11-29', '2017-11-29 05:34:56', 0, 0, 0, 0),
(2205, '6288', '-34.220736', '115.124609', '2017-11-29', '2017-11-29 05:34:56', 0, 0, 0, 0),
(2206, '6290', '-34.227651', '115.241107', '2017-11-29', '2017-11-29 05:34:56', 0, 0, 0, 0),
(2207, '6302', '-31.92638', '116.735428', '2017-11-29', '2017-11-29 05:34:56', 0, 0, 0, 0),
(2208, '6304', '-32.174664', '116.796579', '2017-11-29', '2017-11-29 05:34:56', 0, 0, 0, 0),
(2209, '6306', '-32.361995', '117.003089', '2017-11-29', '2017-11-29 05:34:56', 0, 0, 0, 0),
(2210, '6308', '-32.536273', '116.84127', '2017-11-29', '2017-11-29 05:34:56', 0, 0, 0, 0),
(2211, '6309', '-32.662818', '117.171776', '2017-11-29', '2017-11-29 05:34:56', 0, 0, 0, 0),
(2212, '6311', '-23.992438', '134.050443', '2017-11-29', '2017-11-29 05:34:56', 0, 0, 0, 0),
(2213, '6312', '-32.886953', '117.571947', '2017-11-29', '2017-11-29 05:34:56', 0, 0, 0, 0),
(2214, '6313', '-33.015692', '117.326745', '2017-11-29', '2017-11-29 05:34:56', 0, 0, 0, 0),
(2215, '6315', '-33.276663', '117.369901', '2017-11-29', '2017-11-29 05:34:56', 0, 0, 0, 0),
(2216, '6316', '-33.533582', '117.338176', '2017-11-29', '2017-11-29 05:34:56', 0, 0, 0, 0),
(2217, '6317', '-33.648298', '117.684247', '2017-11-29', '2017-11-29 05:34:56', 0, 0, 0, 0),
(2218, '6318', '-33.849512', '117.639569', '2017-11-29', '2017-11-29 05:34:56', 0, 0, 0, 0),
(2219, '6320', '-34.003181', '117.661461', '2017-11-29', '2017-11-29 05:34:56', 0, 0, 0, 0),
(2220, '6321', '-34.292411', '117.553363', '2017-11-29', '2017-11-29 05:34:56', 0, 0, 0, 0),
(2221, '6322', '-34.286479', '117.470947', '2017-11-29', '2017-11-29 05:34:56', 0, 0, 0, 0),
(2222, '6323', '-34.477635', '117.592061', '2017-11-29', '2017-11-29 05:34:56', 0, 0, 0, 0),
(2223, '6324', '-34.592689', '117.874597', '2017-11-29', '2017-11-29 05:34:56', 0, 0, 0, 0),
(2224, '6326', '-34.773854', '117.712243', '2017-11-29', '2017-11-29 05:34:56', 0, 0, 0, 0),
(2225, '6327', '-34.884085', '117.652093', '2017-11-29', '2017-11-29 05:34:56', 0, 0, 0, 0),
(2226, '6328', '-34.624395', '118.423343', '2017-11-29', '2017-11-29 05:34:56', 0, 0, 0, 0),
(2227, '6330', '-34.938796', '117.821206', '2017-11-29', '2017-11-29 05:34:56', 0, 0, 0, 0),
(2228, '6333', '-34.890478', '117.118824', '2017-11-29', '2017-11-29 05:34:56', 0, 0, 0, 0),
(2229, '6335', '-33.926228', '118.07612', '2017-11-29', '2017-11-29 05:34:56', 0, 0, 0, 0),
(2230, '6336', '-33.948549', '118.46731', '2017-11-29', '2017-11-29 05:34:56', 0, 0, 0, 0),
(2231, '6337', '-33.894692', '119.061114', '2017-11-29', '2017-11-29 05:34:56', 0, 0, 0, 0),
(2232, '6338', '-34.296921', '118.574051', '2017-11-29', '2017-11-29 05:34:56', 0, 0, 0, 0),
(2233, '6341', '-33.559666', '118.171926', '2017-11-29', '2017-11-29 05:34:56', 0, 0, 0, 0),
(2234, '6343', '-33.545759', '118.786973', '2017-11-29', '2017-11-29 05:34:56', 0, 0, 0, 0),
(2235, '6346', '-33.724926', '120.151914', '2017-11-29', '2017-11-29 05:34:56', 0, 0, 0, 0),
(2236, '6348', '-33.561938', '119.923855', '2017-11-29', '2017-11-29 05:34:56', 0, 0, 0, 0),
(2237, '6350', '-33.315816', '117.740254', '2017-11-29', '2017-11-29 05:34:56', 0, 0, 0, 0),
(2238, '6352', '-33.224273', '117.964531', '2017-11-29', '2017-11-29 05:34:56', 0, 0, 0, 0),
(2239, '6353', '-33.094684', '118.537961', '2017-11-29', '2017-11-29 05:34:56', 0, 0, 0, 0),
(2240, '6355', '-32.969438', '119.359882', '2017-11-29', '2017-11-29 05:34:56', 0, 0, 0, 0),
(2241, '6358', '-32.425557', '118.491434', '2017-11-29', '2017-11-29 05:34:56', 0, 0, 0, 0),
(2242, '6359', '-32.428611', '119.481963', '2017-11-29', '2017-11-29 05:34:56', 0, 0, 0, 0),
(2243, '6365', '-32.772251', '118.100156', '2017-11-29', '2017-11-29 05:34:56', 0, 0, 0, 0),
(2244, '6367', '-32.494021', '118.26938', '2017-11-29', '2017-11-29 05:34:56', 0, 0, 0, 0),
(2245, '6368', '-32.118597', '118.458741', '2017-11-29', '2017-11-29 05:34:56', 0, 0, 0, 0),
(2246, '6369', '-31.997439', '118.795772', '2017-11-29', '2017-11-29 05:34:56', 0, 0, 0, 0),
(2247, '6370', '-32.728341', '117.539102', '2017-11-29', '2017-11-29 05:34:56', 0, 0, 0, 0),
(2248, '6373', '-32.377834', '117.668968', '2017-11-29', '2017-11-29 05:34:56', 0, 0, 0, 0),
(2249, '6375', '-32.331781', '117.976364', '2017-11-29', '2017-11-29 05:34:56', 0, 0, 0, 0),
(2250, '6383', '-32.004816', '117.42344', '2017-11-29', '2017-11-29 05:34:56', 0, 0, 0, 0),
(2251, '6386', '-23.992438', '134.050443', '2017-11-29', '2017-11-29 05:34:56', 0, 0, 0, 0),
(2252, '6390', '-32.817008', '116.400269', '2017-11-29', '2017-11-29 05:34:56', 0, 0, 0, 0),
(2253, '6391', '-33.07141', '116.728101', '2017-11-29', '2017-11-29 05:34:56', 0, 0, 0, 0),
(2254, '6392', '-33.415378', '116.611033', '2017-11-29', '2017-11-29 05:34:56', 0, 0, 0, 0),
(2255, '6393', '-33.495385', '116.857031', '2017-11-29', '2017-11-29 05:34:56', 0, 0, 0, 0),
(2256, '6394', '-33.891312', '116.921953', '2017-11-29', '2017-11-29 05:34:56', 0, 0, 0, 0),
(2257, '6395', '-33.923102', '117.168953', '2017-11-29', '2017-11-29 05:34:56', 0, 0, 0, 0),
(2258, '6396', '-34.339005', '116.966664', '2017-11-29', '2017-11-29 05:34:56', 0, 0, 0, 0),
(2259, '6397', '-34.61363', '117.160758', '2017-11-29', '2017-11-29 05:34:56', 0, 0, 0, 0),
(2260, '6398', '-34.767152', '116.666003', '2017-11-29', '2017-11-29 05:34:56', 0, 0, 0, 0),
(2261, '6401', '-31.633516', '116.696284', '2017-11-29', '2017-11-29 05:34:56', 0, 0, 0, 0),
(2262, '6403', '-23.992438', '134.050443', '2017-11-29', '2017-11-29 05:34:56', 0, 0, 0, 0),
(2263, '6405', '-31.630974', '117.008822', '2017-11-29', '2017-11-29 05:34:56', 0, 0, 0, 0),
(2264, '6407', '-31.586357', '117.217599', '2017-11-29', '2017-11-29 05:34:56', 0, 0, 0, 0),
(2265, '6409', '-31.607034', '117.494717', '2017-11-29', '2017-11-29 05:34:56', 0, 0, 0, 0),
(2266, '6410', '-31.582156', '117.814247', '2017-11-29', '2017-11-29 05:34:56', 0, 0, 0, 0),
(2267, '6413', '-31.580049', '118.125238', '2017-11-29', '2017-11-29 05:34:56', 0, 0, 0, 0),
(2268, '6415', '-31.617623', '118.499764', '2017-11-29', '2017-11-29 05:34:56', 0, 0, 0, 0),
(2269, '6418', '-31.841575', '118.168633', '2017-11-29', '2017-11-29 05:34:56', 0, 0, 0, 0),
(2270, '6421', '-31.328025', '118.334118', '2017-11-29', '2017-11-29 05:34:56', 0, 0, 0, 0),
(2271, '6423', '-30.968262', '118.656876', '2017-11-29', '2017-11-29 05:34:56', 0, 0, 0, 0),
(2272, '6425', '-31.269774', '119.020969', '2017-11-29', '2017-11-29 05:34:56', 0, 0, 0, 0),
(2273, '6426', '-31.603753', '119.528523', '2017-11-29', '2017-11-29 05:34:56', 0, 0, 0, 0),
(2274, '6429', '-30.856853', '124.063019', '2017-11-29', '2017-11-29 05:34:56', 0, 0, 0, 0),
(2275, '6430', '-30.751456', '121.458942', '2017-11-29', '2017-11-29 05:34:56', 0, 0, 0, 0),
(2276, '6431', '-26.607517', '126.661418', '2017-11-29', '2017-11-29 05:34:56', 0, 0, 0, 0),
(2277, '6432', '-30.776608', '121.512082', '2017-11-29', '2017-11-29 05:34:56', 0, 0, 0, 0),
(2278, '6434', '-23.992438', '134.050443', '2017-11-29', '2017-11-29 05:34:56', 0, 0, 0, 0),
(2279, '6436', '-29.576583', '123.983923', '2017-11-29', '2017-11-29 05:34:56', 0, 0, 0, 0),
(2280, '6437', '-27.873534', '120.977906', '2017-11-29', '2017-11-29 05:34:56', 0, 0, 0, 0),
(2281, '6438', '-28.843626', '121.458887', '2017-11-29', '2017-11-29 05:34:56', 0, 0, 0, 0),
(2282, '6440', '-28.707542', '122.565187', '2017-11-29', '2017-11-29 05:34:56', 0, 0, 0, 0),
(2283, '6442', '-31.209312', '121.631079', '2017-11-29', '2017-11-29 05:34:56', 0, 0, 0, 0),
(2284, '6443', '-32.009568', '124.413105', '2017-11-29', '2017-11-29 05:34:56', 0, 0, 0, 0),
(2285, '6445', '-32.914314', '121.087963', '2017-11-29', '2017-11-29 05:34:56', 0, 0, 0, 0),
(2286, '6447', '-33.380008', '121.64927', '2017-11-29', '2017-11-29 05:34:56', 0, 0, 0, 0),
(2287, '6448', '-33.623907', '121.825504', '2017-11-29', '2017-11-29 05:34:56', 0, 0, 0, 0),
(2288, '6450', '-33.285456', '122.725022', '2017-11-29', '2017-11-29 05:34:56', 0, 0, 0, 0),
(2289, '6460', '-31.242841', '116.784748', '2017-11-29', '2017-11-29 05:34:56', 0, 0, 0, 0),
(2290, '6461', '-31.189821', '117.037493', '2017-11-29', '2017-11-29 05:34:56', 0, 0, 0, 0),
(2291, '6462', '-31.10757', '117.111346', '2017-11-29', '2017-11-29 05:34:56', 0, 0, 0, 0),
(2292, '6468', '-30.279875', '117.138712', '2017-11-29', '2017-11-29 05:34:56', 0, 0, 0, 0),
(2293, '6472', '-30.037607', '117.994461', '2017-11-29', '2017-11-29 05:34:56', 0, 0, 0, 0),
(2294, '6475', '-30.590487', '117.425464', '2017-11-29', '2017-11-29 05:34:56', 0, 0, 0, 0),
(2295, '6477', '-30.757553', '117.835422', '2017-11-29', '2017-11-29 05:34:56', 0, 0, 0, 0),
(2296, '6479', '-30.630481', '118.311294', '2017-11-29', '2017-11-29 05:34:56', 0, 0, 0, 0),
(2297, '6484', '-30.388982', '119.237752', '2017-11-29', '2017-11-29 05:34:56', 0, 0, 0, 0),
(2298, '6485', '-31.186692', '117.435261', '2017-11-29', '2017-11-29 05:34:56', 0, 0, 0, 0),
(2299, '6488', '-31.14402', '117.806829', '2017-11-29', '2017-11-29 05:34:56', 0, 0, 0, 0),
(2300, '6490', '-23.992438', '134.050443', '2017-11-29', '2017-11-29 05:34:56', 0, 0, 0, 0),
(2301, '6501', '-31.538595', '115.949314', '2017-11-29', '2017-11-29 05:34:56', 0, 0, 0, 0),
(2302, '6502', '-31.32707', '116.158448', '2017-11-29', '2017-11-29 05:34:56', 0, 0, 0, 0),
(2303, '6503', '-31.221181', '115.756154', '2017-11-29', '2017-11-29 05:34:56', 0, 0, 0, 0),
(2304, '6505', '-31.227348', '116.108238', '2017-11-29', '2017-11-29 05:34:56', 0, 0, 0, 0),
(2305, '6507', '-23.992438', '134.050443', '2017-11-29', '2017-11-29 05:34:56', 0, 0, 0, 0),
(2306, '6509', '-30.937792', '116.193706', '2017-11-29', '2017-11-29 05:34:56', 0, 0, 0, 0),
(2307, '6510', '-30.658933', '116.184969', '2017-11-29', '2017-11-29 05:34:56', 0, 0, 0, 0),
(2308, '6511', '-30.502164', '115.076883', '2017-11-29', '2017-11-29 05:34:56', 0, 0, 0, 0),
(2309, '6513', '-30.267398', '116.118161', '2017-11-29', '2017-11-29 05:34:56', 0, 0, 0, 0),
(2310, '6514', '-30.004524', '114.98301', '2017-11-29', '2017-11-29 05:34:56', 0, 0, 0, 0),
(2311, '6515', '-30.0217', '115.761933', '2017-11-29', '2017-11-29 05:34:56', 0, 0, 0, 0),
(2312, '6516', '-30.297485', '115.088111', '2017-11-29', '2017-11-29 05:34:56', 0, 0, 0, 0),
(2313, '6517', '-29.773248', '115.578614', '2017-11-29', '2017-11-29 05:34:56', 0, 0, 0, 0),
(2314, '6518', '-29.822043', '115.268348', '2017-11-29', '2017-11-29 05:34:56', 0, 0, 0, 0),
(2315, '6519', '-29.525476', '115.577249', '2017-11-29', '2017-11-29 05:34:56', 0, 0, 0, 0),
(2316, '6521', '-30.324849', '115.45926', '2017-11-29', '2017-11-29 05:34:56', 0, 0, 0, 0),
(2317, '6522', '-29.158202', '115.484248', '2017-11-29', '2017-11-29 05:34:56', 0, 0, 0, 0),
(2318, '6525', '-29.326453', '115.091749', '2017-11-29', '2017-11-29 05:34:56', 0, 0, 0, 0),
(2319, '6528', '-28.960402', '114.867569', '2017-11-29', '2017-11-29 05:34:56', 0, 0, 0, 0),
(2320, '6530', '-28.711055', '114.520115', '2017-11-29', '2017-11-29 05:34:56', 0, 0, 0, 0),
(2321, '6532', '-26.97142', '114.626297', '2017-11-29', '2017-11-29 05:34:56', 0, 0, 0, 0),
(2322, '6535', '-28.183192', '114.457583', '2017-11-29', '2017-11-29 05:34:56', 0, 0, 0, 0),
(2323, '6536', '-27.562793', '114.670835', '2017-11-29', '2017-11-29 05:34:56', 0, 0, 0, 0),
(2324, '6537', '-23.992438', '134.050443', '2017-11-29', '2017-11-29 05:34:56', 0, 0, 0, 0),
(2325, '6556', '-31.858567', '116.28944', '2017-11-29', '2017-11-29 05:34:56', 0, 0, 0, 0),
(2326, '6558', '-31.771779', '116.315387', '2017-11-29', '2017-11-29 05:34:56', 0, 0, 0, 0),
(2327, '6560', '-31.755469', '116.374009', '2017-11-29', '2017-11-29 05:34:56', 0, 0, 0, 0),
(2328, '6562', '-31.815156', '116.453338', '2017-11-29', '2017-11-29 05:34:56', 0, 0, 0, 0),
(2329, '6564', '-23.992438', '134.050443', '2017-11-29', '2017-11-29 05:34:56', 0, 0, 0, 0),
(2330, '6566', '-31.418818', '116.445008', '2017-11-29', '2017-11-29 05:34:56', 0, 0, 0, 0),
(2331, '6567', '-31.477896', '116.248332', '2017-11-29', '2017-11-29 05:34:56', 0, 0, 0, 0),
(2332, '6568', '-23.992438', '134.050443', '2017-11-29', '2017-11-29 05:34:56', 0, 0, 0, 0),
(2333, '6569', '-31.004365', '116.468301', '2017-11-29', '2017-11-29 05:34:56', 0, 0, 0, 0),
(2334, '6575', '-30.418484', '116.227216', '2017-11-29', '2017-11-29 05:34:56', 0, 0, 0, 0),
(2335, '6603', '-30.852792', '116.714865', '2017-11-29', '2017-11-29 05:34:56', 0, 0, 0, 0),
(2336, '6606', '-30.633451', '116.921413', '2017-11-29', '2017-11-29 05:34:56', 0, 0, 0, 0),
(2337, '6608', '-30.327444', '116.70977', '2017-11-29', '2017-11-29 05:34:56', 0, 0, 0, 0),
(2338, '6609', '-30.277557', '116.659501', '2017-11-29', '2017-11-29 05:34:56', 0, 0, 0, 0),
(2339, '6612', '-23.992438', '134.050443', '2017-11-29', '2017-11-29 05:34:56', 0, 0, 0, 0),
(2340, '6620', '-29.433194', '116.282228', '2017-11-29', '2017-11-29 05:34:56', 0, 0, 0, 0),
(2341, '6623', '-29.332121', '116.435233', '2017-11-29', '2017-11-29 05:34:56', 0, 0, 0, 0),
(2342, '6628', '-28.737998', '115.430112', '2017-11-29', '2017-11-29 05:34:56', 0, 0, 0, 0),
(2343, '6630', '-28.352228', '115.766303', '2017-11-29', '2017-11-29 05:34:56', 0, 0, 0, 0),
(2344, '6635', '-27.453024', '116.589649', '2017-11-29', '2017-11-29 05:34:56', 0, 0, 0, 0),
(2345, '6638', '-28.237781', '117.975998', '2017-11-29', '2017-11-29 05:34:56', 0, 0, 0, 0),
(2346, '6639', '-28.336626', '119.172727', '2017-11-29', '2017-11-29 05:34:56', 0, 0, 0, 0),
(2347, '6640', '-27.309899', '117.93859', '2017-11-29', '2017-11-29 05:34:56', 0, 0, 0, 0),
(2348, '6642', '-25.140932', '118.864772', '2017-11-29', '2017-11-29 05:34:56', 0, 0, 0, 0),
(2349, '6646', '-25.312053', '122.24507', '2017-11-29', '2017-11-29 05:34:56', 0, 0, 0, 0),
(2350, '6701', '-24.35033', '114.391031', '2017-11-29', '2017-11-29 05:34:56', 0, 0, 0, 0),
(2351, '6705', '-24.725791', '116.356719', '2017-11-29', '2017-11-29 05:34:56', 0, 0, 0, 0),
(2352, '6707', '-22.522985', '114.166737', '2017-11-29', '2017-11-29 05:34:56', 0, 0, 0, 0),
(2353, '6710', '-22.541841', '116.105263', '2017-11-29', '2017-11-29 05:34:56', 0, 0, 0, 0),
(2354, '6713', '-20.664073', '116.710852', '2017-11-29', '2017-11-29 05:34:56', 0, 0, 0, 0),
(2355, '6714', '-21.054374', '117.034377', '2017-11-29', '2017-11-29 05:34:56', 0, 0, 0, 0),
(2356, '6716', '-21.634853', '116.335671', '2017-11-29', '2017-11-29 05:34:56', 0, 0, 0, 0),
(2357, '6718', '-20.76851', '117.145181', '2017-11-29', '2017-11-29 05:34:56', 0, 0, 0, 0),
(2358, '6720', '-20.729956', '117.169914', '2017-11-29', '2017-11-29 05:34:56', 0, 0, 0, 0),
(2359, '6721', '-21.411909', '120.07587', '2017-11-29', '2017-11-29 05:34:56', 0, 0, 0, 0),
(2360, '6722', '-20.93135', '118.674375', '2017-11-29', '2017-11-29 05:34:56', 0, 0, 0, 0),
(2361, '6725', '-23.992438', '134.050443', '2017-11-29', '2017-11-29 05:34:56', 0, 0, 0, 0),
(2362, '6726', '-17.944638', '122.213971', '2017-11-29', '2017-11-29 05:34:56', 0, 0, 0, 0),
(2363, '6728', '-17.838782', '124.874948', '2017-11-29', '2017-11-29 05:34:56', 0, 0, 0, 0),
(2364, '6740', '-15.455346', '126.750544', '2017-11-29', '2017-11-29 05:34:56', 0, 0, 0, 0),
(2365, '6743', '-16.385531', '128.345221', '2017-11-29', '2017-11-29 05:34:56', 0, 0, 0, 0),
(2366, '6751', '-22.393501', '118.049359', '2017-11-29', '2017-11-29 05:34:56', 0, 0, 0, 0),
(2367, '6753', '-22.96137', '119.938748', '2017-11-29', '2017-11-29 05:34:56', 0, 0, 0, 0),
(2368, '6754', '-23.20132', '117.665869', '2017-11-29', '2017-11-29 05:34:56', 0, 0, 0, 0),
(2369, '6758', '-21.890062', '120.106855', '2017-11-29', '2017-11-29 05:34:56', 0, 0, 0, 0),
(2370, '6760', '-21.082092', '118.900618', '2017-11-29', '2017-11-29 05:34:56', 0, 0, 0, 0),
(2371, '6762', '-23.992438', '134.050443', '2017-11-29', '2017-11-29 05:34:56', 0, 0, 0, 0),
(2372, '6765', '-17.956253', '124.876808', '2017-11-29', '2017-11-29 05:34:56', 0, 0, 0, 0),
(2373, '6770', '-19.226594', '127.594217', '2017-11-29', '2017-11-29 05:34:56', 0, 0, 0, 0),
(2374, '6798', '-10.485355', '105.636471', '2017-11-29', '2017-11-29 05:34:56', 0, 0, 0, 0),
(2375, '6799', '-12.134591', '96.862241', '2017-11-29', '2017-11-29 05:34:56', 0, 0, 0, 0),
(2376, '6907', '-31.980409', '115.819759', '2017-11-29', '2017-11-29 05:34:56', 0, 0, 0, 0),
(2377, '7000', '-42.877031', '147.316138', '2017-11-29', '2017-11-29 05:34:56', 0, 0, 0, 0),
(2378, '7004', '-42.897386', '147.288699', '2017-11-29', '2017-11-29 05:34:56', 0, 0, 0, 0),
(2379, '7005', '-42.9109', '147.335564', '2017-11-29', '2017-11-29 05:34:56', 0, 0, 0, 0),
(2380, '7007', '-42.919861', '147.322337', '2017-11-29', '2017-11-29 05:34:56', 0, 0, 0, 0),
(2381, '7008', '-42.86684', '147.285223', '2017-11-29', '2017-11-29 05:34:56', 0, 0, 0, 0),
(2382, '7009', '-42.842149', '147.297401', '2017-11-29', '2017-11-29 05:34:56', 0, 0, 0, 0),
(2383, '7010', '-42.836391', '147.261874', '2017-11-29', '2017-11-29 05:34:56', 0, 0, 0, 0),
(2384, '7011', '-42.789844', '147.228184', '2017-11-29', '2017-11-29 05:34:56', 0, 0, 0, 0),
(2385, '7012', '-42.833454', '147.192252', '2017-11-29', '2017-11-29 05:34:56', 0, 0, 0, 0),
(2386, '7015', '-42.836738', '147.356321', '2017-11-29', '2017-11-29 05:34:56', 0, 0, 0, 0),
(2387, '7016', '-42.811925', '147.349927', '2017-11-29', '2017-11-29 05:34:56', 0, 0, 0, 0),
(2388, '7017', '-42.747319', '147.329436', '2017-11-29', '2017-11-29 05:34:56', 0, 0, 0, 0),
(2389, '7018', '-23.992438', '134.050443', '2017-11-29', '2017-11-29 05:34:56', 0, 0, 0, 0),
(2390, '7019', '-42.894766', '147.439316', '2017-11-29', '2017-11-29 05:34:56', 0, 0, 0, 0),
(2391, '7020', '-42.973409', '147.49549', '2017-11-29', '2017-11-29 05:34:56', 0, 0, 0, 0),
(2392, '7021', '-42.9123', '147.492226', '2017-11-29', '2017-11-29 05:34:56', 0, 0, 0, 0),
(2393, '7022', '-23.992438', '134.050443', '2017-11-29', '2017-11-29 05:34:56', 0, 0, 0, 0),
(2394, '7023', '-42.989667', '147.407338', '2017-11-29', '2017-11-29 05:34:56', 0, 0, 0, 0),
(2395, '7024', '-42.955875', '147.530283', '2017-11-29', '2017-11-29 05:34:56', 0, 0, 0, 0),
(2396, '7025', '-42.734627', '147.417656', '2017-11-29', '2017-11-29 05:34:56', 0, 0, 0, 0),
(2397, '7026', '-42.617475', '147.425296', '2017-11-29', '2017-11-29 05:34:56', 0, 0, 0, 0),
(2398, '7027', '-42.514033', '147.360908', '2017-11-29', '2017-11-29 05:34:56', 0, 0, 0, 0),
(2399, '7030', '-23.992438', '134.050443', '2017-11-29', '2017-11-29 05:34:56', 0, 0, 0, 0),
(2400, '7050', '-42.964068', '147.293435', '2017-11-29', '2017-11-29 05:34:56', 0, 0, 0, 0),
(2401, '7052', '-43.007576', '147.318196', '2017-11-29', '2017-11-29 05:34:56', 0, 0, 0, 0),
(2402, '7053', '-42.950599', '147.340172', '2017-11-29', '2017-11-29 05:34:56', 0, 0, 0, 0),
(2403, '7054', '-23.992438', '134.050443', '2017-11-29', '2017-11-29 05:34:56', 0, 0, 0, 0),
(2404, '7055', '-43.00157', '147.295693', '2017-11-29', '2017-11-29 05:34:56', 0, 0, 0, 0),
(2405, '7109', '-43.158639', '146.908735', '2017-11-29', '2017-11-29 05:34:56', 0, 0, 0, 0),
(2406, '7112', '-43.172922', '147.133331', '2017-11-29', '2017-11-29 05:34:56', 0, 0, 0, 0),
(2407, '7113', '-43.082521', '146.983465', '2017-11-29', '2017-11-29 05:34:56', 0, 0, 0, 0),
(2408, '7116', '-23.992438', '134.050443', '2017-11-29', '2017-11-29 05:34:56', 0, 0, 0, 0),
(2409, '7117', '-43.297953', '147.014762', '2017-11-29', '2017-11-29 05:34:56', 0, 0, 0, 0),
(2410, '7120', '-42.357958', '147.499781', '2017-11-29', '2017-11-29 05:34:56', 0, 0, 0, 0),
(2411, '7140', '-42.637612', '146.736007', '2017-11-29', '2017-11-29 05:34:56', 0, 0, 0, 0),
(2412, '7150', '-43.250576', '147.252809', '2017-11-29', '2017-11-29 05:34:56', 0, 0, 0, 0),
(2413, '7155', '-43.124106', '147.223677', '2017-11-29', '2017-11-29 05:34:56', 0, 0, 0, 0),
(2414, '7162', '-43.172914', '147.221357', '2017-11-29', '2017-11-29 05:34:56', 0, 0, 0, 0),
(2415, '7163', '-43.228631', '147.231856', '2017-11-29', '2017-11-29 05:34:56', 0, 0, 0, 0),
(2416, '7170', '-42.841266', '147.467494', '2017-11-29', '2017-11-29 05:34:56', 0, 0, 0, 0),
(2417, '7171', '-42.768751', '147.502905', '2017-11-29', '2017-11-29 05:34:56', 0, 0, 0, 0),
(2418, '7172', '-42.732591', '147.633143', '2017-11-29', '2017-11-29 05:34:56', 0, 0, 0, 0),
(2419, '7173', '-42.84581', '147.69621', '2017-11-29', '2017-11-29 05:34:56', 0, 0, 0, 0),
(2420, '7176', '-42.781995', '147.809857', '2017-11-29', '2017-11-29 05:34:56', 0, 0, 0, 0),
(2421, '7177', '-23.992438', '134.050443', '2017-11-29', '2017-11-29 05:34:56', 0, 0, 0, 0),
(2422, '7178', '-42.936906', '147.908143', '2017-11-29', '2017-11-29 05:34:56', 0, 0, 0, 0),
(2423, '7179', '-23.992438', '134.050443', '2017-11-29', '2017-11-29 05:34:56', 0, 0, 0, 0),
(2424, '7180', '-43.074275', '147.831924', '2017-11-29', '2017-11-29 05:34:56', 0, 0, 0, 0),
(2425, '7182', '-43.146913', '147.83534', '2017-11-29', '2017-11-29 05:34:56', 0, 0, 0, 0),
(2426, '7183', '-23.992438', '134.050443', '2017-11-29', '2017-11-29 05:34:56', 0, 0, 0, 0),
(2427, '7184', '-23.992438', '134.050443', '2017-11-29', '2017-11-29 05:34:56', 0, 0, 0, 0),
(2428, '7186', '-43.019951', '147.698724', '2017-11-29', '2017-11-29 05:34:56', 0, 0, 0, 0),
(2429, '7190', '-42.369257', '147.920689', '2017-11-29', '2017-11-29 05:34:56', 0, 0, 0, 0),
(2430, '7209', '-42.121338', '147.60613', '2017-11-29', '2017-11-29 05:34:56', 0, 0, 0, 0),
(2431, '7210', '-41.938896', '147.641619', '2017-11-29', '2017-11-29 05:34:56', 0, 0, 0, 0),
(2432, '7211', '-41.740669', '147.419053', '2017-11-29', '2017-11-29 05:34:56', 0, 0, 0, 0),
(2433, '7212', '-41.543207', '147.483293', '2017-11-29', '2017-11-29 05:34:56', 0, 0, 0, 0),
(2434, '7213', '-41.77612', '147.842683', '2017-11-29', '2017-11-29 05:34:56', 0, 0, 0, 0),
(2435, '7214', '-41.524708', '147.900314', '2017-11-29', '2017-11-29 05:34:56', 0, 0, 0, 0),
(2436, '7215', '-41.766071', '148.224673', '2017-11-29', '2017-11-29 05:34:56', 0, 0, 0, 0),
(2437, '7216', '-41.22893', '148.115038', '2017-11-29', '2017-11-29 05:34:56', 0, 0, 0, 0),
(2438, '7248', '-41.392029', '147.145963', '2017-11-29', '2017-11-29 05:34:56', 0, 0, 0, 0),
(2439, '7249', '-41.470444', '147.161501', '2017-11-29', '2017-11-29 05:34:56', 0, 0, 0, 0),
(2440, '7250', '-41.445876', '147.141489', '2017-11-29', '2017-11-29 05:34:56', 0, 0, 0, 0),
(2441, '7252', '-41.158206', '147.049258', '2017-11-29', '2017-11-29 05:34:56', 0, 0, 0, 0),
(2442, '7253', '-41.068589', '146.935907', '2017-11-29', '2017-11-29 05:34:56', 0, 0, 0, 0),
(2443, '7254', '-41.118372', '147.204205', '2017-11-29', '2017-11-29 05:34:56', 0, 0, 0, 0),
(2444, '7255', '-39.996928', '148.046418', '2017-11-29', '2017-11-29 05:34:56', 0, 0, 0, 0),
(2445, '7256', '-39.863815', '143.985477', '2017-11-29', '2017-11-29 05:34:56', 0, 0, 0, 0),
(2446, '7257', '-23.992438', '134.050443', '2017-11-29', '2017-11-29 05:34:56', 0, 0, 0, 0),
(2447, '7258', '-41.52736', '147.190657', '2017-11-29', '2017-11-29 05:34:56', 0, 0, 0, 0),
(2448, '7259', '-41.363053', '147.393963', '2017-11-29', '2017-11-29 05:34:56', 0, 0, 0, 0),
(2449, '7260', '-41.159316', '147.522117', '2017-11-29', '2017-11-29 05:34:56', 0, 0, 0, 0),
(2450, '7261', '-41.167371', '147.742305', '2017-11-29', '2017-11-29 05:34:56', 0, 0, 0, 0),
(2451, '7262', '-41.040119', '147.384315', '2017-11-29', '2017-11-29 05:34:56', 0, 0, 0, 0),
(2452, '7263', '-41.261972', '147.72559', '2017-11-29', '2017-11-29 05:34:56', 0, 0, 0, 0),
(2453, '7264', '-40.964695', '147.930811', '2017-11-29', '2017-11-29 05:34:56', 0, 0, 0, 0),
(2454, '7265', '-41.078181', '147.816366', '2017-11-29', '2017-11-29 05:34:56', 0, 0, 0, 0),
(2455, '7267', '-41.281726', '147.120571', '2017-11-29', '2017-11-29 05:34:56', 0, 0, 0, 0),
(2456, '7268', '-41.293132', '147.219368', '2017-11-29', '2017-11-29 05:34:56', 0, 0, 0, 0),
(2457, '7270', '-41.187901', '146.788404', '2017-11-29', '2017-11-29 05:34:56', 0, 0, 0, 0),
(2458, '7275', '-41.319143', '146.841916', '2017-11-29', '2017-11-29 05:34:56', 0, 0, 0, 0),
(2459, '7276', '-41.282613', '146.963553', '2017-11-29', '2017-11-29 05:34:56', 0, 0, 0, 0),
(2460, '7277', '-41.370778', '146.990472', '2017-11-29', '2017-11-29 05:34:56', 0, 0, 0, 0),
(2461, '7290', '-41.504518', '147.065909', '2017-11-29', '2017-11-29 05:34:56', 0, 0, 0, 0),
(2462, '7291', '-41.509617', '147.007604', '2017-11-29', '2017-11-29 05:34:56', 0, 0, 0, 0),
(2463, '7292', '-41.455815', '146.881214', '2017-11-29', '2017-11-29 05:34:56', 0, 0, 0, 0),
(2464, '7300', '-41.559064', '147.177985', '2017-11-29', '2017-11-29 05:34:56', 0, 0, 0, 0),
(2465, '7301', '-41.636501', '146.998793', '2017-11-29', '2017-11-29 05:34:56', 0, 0, 0, 0),
(2466, '7302', '-41.778733', '147.055344', '2017-11-29', '2017-11-29 05:34:56', 0, 0, 0, 0),
(2467, '7303', '-41.55354', '146.836939', '2017-11-29', '2017-11-29 05:34:56', 0, 0, 0, 0),
(2468, '7304', '-41.652829', '146.375204', '2017-11-29', '2017-11-29 05:34:56', 0, 0, 0, 0),
(2469, '7305', '-41.346493', '146.42208', '2017-11-29', '2017-11-29 05:34:56', 0, 0, 0, 0),
(2470, '7306', '-41.477281', '146.158068', '2017-11-29', '2017-11-29 05:34:56', 0, 0, 0, 0),
(2471, '7307', '-41.242063', '146.564854', '2017-11-29', '2017-11-29 05:34:56', 0, 0, 0, 0),
(2472, '7310', '-41.274472', '146.241222', '2017-11-29', '2017-11-29 05:34:56', 0, 0, 0, 0),
(2473, '7315', '-41.322447', '146.054536', '2017-11-29', '2017-11-29 05:34:56', 0, 0, 0, 0),
(2474, '7316', '-41.232601', '145.982526', '2017-11-29', '2017-11-29 05:34:56', 0, 0, 0, 0),
(2475, '7320', '-41.074204', '145.905137', '2017-11-29', '2017-11-29 05:34:56', 0, 0, 0, 0),
(2476, '7321', '-41.37133', '145.502411', '2017-11-29', '2017-11-29 05:34:56', 0, 0, 0, 0),
(2477, '7322', '-41.055316', '145.800622', '2017-11-29', '2017-11-29 05:34:56', 0, 0, 0, 0),
(2478, '7325', '-41.119975', '145.6002', '2017-11-29', '2017-11-29 05:34:56', 0, 0, 0, 0),
(2479, '7330', '-40.890502', '144.944408', '2017-11-29', '2017-11-29 05:34:56', 0, 0, 0, 0),
(2480, '7331', '-40.764061', '145.293914', '2017-11-29', '2017-11-29 05:34:56', 0, 0, 0, 0),
(2481, '7467', '-23.992438', '134.050443', '2017-11-29', '2017-11-29 05:34:56', 0, 0, 0, 0),
(2482, '7468', '-42.153569', '145.327486', '2017-11-29', '2017-11-29 05:34:56', 0, 0, 0, 0),
(2483, '7469', '-41.906968', '145.331107', '2017-11-29', '2017-11-29 05:34:56', 0, 0, 0, 0),
(2484, '7470', '-41.782157', '145.534851', '2017-11-29', '2017-11-29 05:34:56', 0, 0, 0, 0),
(2485, '0800', '-23.992438', '134.050443', '2017-11-29', '2017-11-29 13:58:57', 0, 0, 0, 0),
(2486, '0810', '-12.3800500', '130.8481720', '2017-11-29', '2018-01-04 20:47:08', 0, 4, 0, 0),
(2487, '0812', '-12.3825140', '130.8978700', '2017-11-29', '2018-01-04 20:54:20', 0, 4, 0, 0),
(2488, '0820', '-23.992438', '134.050443', '2017-11-29', '2017-11-29 14:00:55', 0, 0, 0, 0),
(2489, '0822', '-23.992438', '134.050443', '2017-11-29', '2017-11-29 14:00:41', 0, 0, 0, 0),
(2490, '0828', '-23.992438', '134.050443', '2017-11-29', '2017-11-29 14:00:30', 0, 0, 0, 0),
(2491, '0829', '-23.992438', '134.050443', '2017-11-29', '2017-11-29 14:00:25', 0, 0, 0, 0),
(2492, '0830', '-23.992438', '134.050443', '2017-11-29', '2017-11-29 14:00:22', 0, 0, 0, 0),
(2493, '0832', '-23.992438', '134.050443', '2017-11-29', '2017-11-29 14:00:20', 0, 0, 0, 0),
(2494, '0835', '-23.992438', '134.050443', '2017-11-29', '2017-11-29 14:00:16', 0, 0, 0, 0),
(2495, '0836', '-23.992438', '134.050443', '2017-11-29', '2017-11-29 14:00:14', 0, 0, 0, 0),
(2496, '0837', '-23.992438', '134.050443', '2017-11-29', '2017-11-29 14:00:09', 0, 0, 0, 0),
(2497, '0838', '-23.992438', '134.050443', '2017-11-29', '2017-11-29 14:00:07', 0, 0, 0, 0),
(2498, '0840', '-23.992438', '134.050443', '2017-11-29', '2017-11-29 14:00:04', 0, 0, 0, 0),
(2499, '0841', '-23.992438', '134.050443', '2017-11-29', '2017-11-29 13:59:59', 0, 0, 0, 0),
(2500, '0845', '-23.992438', '134.050443', '2017-11-29', '2017-11-29 13:59:56', 0, 0, 0, 0),
(2501, '0846', '-23.992438', '134.050443', '2017-11-29', '2017-11-29 13:59:47', 0, 0, 0, 0),
(2502, '0847', '-23.992438', '134.050443', '2017-11-29', '2017-11-29 13:59:44', 0, 0, 0, 0),
(2503, '0850', '-23.992438', '134.050443', '2017-11-29', '2017-11-29 13:59:26', 0, 0, 0, 0),
(2504, '0852', '-23.992438', '134.050443', '2017-11-29', '2017-11-29 13:59:24', 0, 0, 0, 0),
(2505, '0853', '-23.992438', '134.050443', '2017-11-29', '2017-11-29 13:59:21', 0, 0, 0, 0),
(2506, '0854', '-23.992438', '134.050443', '2017-11-29', '2017-11-29 13:59:19', 0, 0, 0, 0),
(2507, '0860', '-23.992438', '134.050443', '2017-11-29', '2017-11-29 13:59:16', 0, 0, 0, 0),
(2508, '0862', '-23.992438', '134.050443', '2017-11-29', '2017-11-29 13:59:14', 0, 0, 0, 0),
(2509, '0870', '-23.992438', '134.050443', '2017-11-29', '2017-11-29 13:59:08', 0, 0, 0, 0),
(2510, '0872', '-23.992438', '134.050443', '2017-11-29', '2017-11-29 14:01:56', 0, 0, 0, 0),
(2511, '0880', '-23.992438', '134.050443', '2017-11-29', '2017-11-29 14:01:58', 0, 0, 0, 0),
(2512, '0885', '-23.992438', '134.050443', '2017-11-29', '2017-11-29 14:02:01', 0, 0, 0, 0),
(2513, '0886', '-23.992438', '134.050443', '2017-11-29', '2017-11-29 14:02:04', 0, 0, 0, 0),
(2514, '', '', '', '2017-12-24', '2018-01-04 19:48:49', 0, 5, 0, 0),
(2515, '123123', '', '', '2017-12-24', '2017-12-24 13:59:23', 0, 0, 0, 0),
(2516, '123123', '', '', '2017-12-24', '2017-12-24 14:02:59', 0, 0, 0, 0),
(2517, '123123', '', '', '2017-12-24', '2017-12-24 14:06:41', 0, 0, 0, 0);

-- --------------------------------------------------------

--
-- Table structure for table `tblRegionals`
--

CREATE TABLE `tblRegionals` (
  `fldRegionalId` int(11) NOT NULL,
  `fldRegionalName` varchar(255) NOT NULL,
  `fldRegionalCreated` datetime NOT NULL,
  `fldRegionalModified` timestamp NOT NULL DEFAULT CURRENT_TIMESTAMP ON UPDATE CURRENT_TIMESTAMP,
  `fldRegionalDeleted` tinyint(1) NOT NULL,
  `fldRegionalUserId` int(11) NOT NULL
) ENGINE=InnoDB DEFAULT CHARSET=latin1;

-- --------------------------------------------------------

--
-- Table structure for table `tblReports`
--

CREATE TABLE `tblReports` (
  `fldReportId` int(11) NOT NULL,
  `fldReportJobsCompleted` smallint(6) DEFAULT NULL,
  `fldReportTakingEachDay` smallint(6) DEFAULT NULL,
  `fldReportHoursProspecting` mediumint(9) DEFAULT NULL,
  `fldReportHeadOfficeMaster` varchar(45) DEFAULT NULL,
  `fldReportCreated` datetime DEFAULT NULL,
  `fldReportModified` timestamp NULL DEFAULT NULL,
  `tblFranchisees_fldFranchiseeId` int(11) NOT NULL
) ENGINE=InnoDB DEFAULT CHARSET=latin1;

-- --------------------------------------------------------

--
-- Table structure for table `tblStates`
--

CREATE TABLE `tblStates` (
  `fldStateId` int(11) NOT NULL,
  `fldStateName` varchar(255) NOT NULL,
  `fldStateCreated` datetime NOT NULL,
  `fldStateModified` timestamp NOT NULL DEFAULT CURRENT_TIMESTAMP ON UPDATE CURRENT_TIMESTAMP,
  `fldStateDeleted` int(11) NOT NULL,
  `fldStateUserId` int(11) NOT NULL
) ENGINE=InnoDB DEFAULT CHARSET=latin1;

-- --------------------------------------------------------

--
-- Table structure for table `tblSupplied`
--

CREATE TABLE `tblSupplied` (
  `fldSuppliedFranchiseId` int(11) NOT NULL,
  `fldSuppliedSuppliesListId` int(11) NOT NULL
) ENGINE=InnoDB DEFAULT CHARSET=latin1;

-- --------------------------------------------------------

--
-- Table structure for table `tblSuppliesList`
--

CREATE TABLE `tblSuppliesList` (
  `fldSupplyListId` int(11) NOT NULL,
  `fldSupply` varchar(255) NOT NULL,
  `fldSupplyCreated` date NOT NULL,
  `fldSupplyModified` date NOT NULL,
  `fldSupplyDeleted` tinyint(1) NOT NULL
) ENGINE=InnoDB DEFAULT CHARSET=latin1;

--
-- Dumping data for table `tblSuppliesList`
--

INSERT INTO `tblSuppliesList` (`fldSupplyListId`, `fldSupply`, `fldSupplyCreated`, `fldSupplyModified`, `fldSupplyDeleted`) VALUES
(2, 'Received New Vehicle', '2017-11-18', '0000-00-00', 0),
(3, 'Received 2nd Hand Vehicle', '2017-11-18', '0000-00-00', 0),
(4, 'Sign Writing Completed', '2017-11-18', '0000-00-00', 0),
(5, 'Business Cards Supplied', '2017-11-18', '0000-00-00', 0),
(6, 'Training Booked', '2017-11-18', '0000-00-00', 0),
(7, 'Training Completed', '2017-11-18', '0000-00-00', 0);

-- --------------------------------------------------------

--
-- Table structure for table `tblUserDepartment`
--

CREATE TABLE `tblUserDepartment` (
  `fldUserId` int(11) NOT NULL,
  `fldDepartmentId` int(11) NOT NULL,
  `fldCreated` date NOT NULL,
  `fldModified` timestamp NOT NULL DEFAULT CURRENT_TIMESTAMP ON UPDATE CURRENT_TIMESTAMP,
  `fldDeleted` tinyint(1) NOT NULL
) ENGINE=InnoDB DEFAULT CHARSET=latin1;

--
-- Dumping data for table `tblUserDepartment`
--

INSERT INTO `tblUserDepartment` (`fldUserId`, `fldDepartmentId`, `fldCreated`, `fldModified`, `fldDeleted`) VALUES
(68, 2, '0000-00-00', '2017-12-27 16:06:24', 1),
(68, 2, '0000-00-00', '2017-12-27 16:06:35', 1),
(68, 2, '0000-00-00', '2017-12-27 16:43:23', 1),
(68, 2, '0000-00-00', '2017-12-27 16:43:37', 1),
(68, 2, '0000-00-00', '2017-12-27 16:43:46', 1),
(68, 2, '0000-00-00', '2017-12-27 16:43:55', 1),
(68, 2, '0000-00-00', '2017-12-27 16:44:18', 1),
(68, 1, '0000-00-00', '2017-12-27 16:53:15', 1),
(68, 2, '0000-00-00', '2017-12-27 16:53:15', 1),
(68, 2, '0000-00-00', '2017-12-27 16:54:05', 1),
(68, 1, '0000-00-00', '2017-12-27 16:54:11', 1),
(68, 2, '0000-00-00', '2017-12-27 16:54:11', 1),
(68, 2, '0000-00-00', '2017-12-27 16:54:16', 0),
(73, 1, '0000-00-00', '2017-12-29 03:19:12', 0);

-- --------------------------------------------------------

--
-- Table structure for table `tblUserGroups`
--

CREATE TABLE `tblUserGroups` (
  `fldUserGroupId` int(11) NOT NULL,
  `fldUserGroupName` varchar(255) DEFAULT NULL,
  `fldUserGroupDescription` varchar(255) DEFAULT NULL,
  `fldUserGroupCreated` date NOT NULL,
  `fldUserGroupModified` timestamp NOT NULL DEFAULT CURRENT_TIMESTAMP ON UPDATE CURRENT_TIMESTAMP,
  `fldUserGroupDeleted` tinyint(1) NOT NULL
) ENGINE=InnoDB DEFAULT CHARSET=latin1;

--
-- Dumping data for table `tblUserGroups`
--

INSERT INTO `tblUserGroups` (`fldUserGroupId`, `fldUserGroupName`, `fldUserGroupDescription`, `fldUserGroupCreated`, `fldUserGroupModified`, `fldUserGroupDeleted`) VALUES
(1, 'Root', 'Over all user', '0000-00-00', '2017-12-18 14:29:27', 0),
(2, 'Franchise Lead', 'New franchise leads', '0000-00-00', '2017-12-18 14:29:27', 0),
(3, 'Employees', 'Direct Employees of Wave Sand Bar', '0000-00-00', '2017-12-18 14:29:27', 0),
(4, 'Franchisee', 'Franchisee', '0000-00-00', '2017-12-18 14:29:27', 0),
(5, 'Master Franchise', 'Master Franchise', '0000-00-00', '2017-12-18 14:29:27', 0),
(6, 'Regional', 'Regional', '0000-00-00', '2017-12-18 14:29:27', 0),
(8, 'State', 'State', '0000-00-00', '2017-12-18 14:29:27', 0),
(9, 'Franchise', 'Franchise', '0000-00-00', '2017-12-18 14:29:27', 0),
(10, 'Franchisee Leads', 'Franchisee Leads', '0000-00-00', '2017-12-18 14:29:27', 0),
(11, 'Outstanding Leads', 'Outstanding Leads', '0000-00-00', '2017-12-18 14:29:27', 0),
(12, 'Allocated Franchisee Leads', 'Allocated Franchisee Leads', '0000-00-00', '2018-01-01 19:34:26', 0),
(13, 'Sales Person', 'Sales Person', '0000-00-00', '2017-12-18 14:29:27', 0),
(14, 'Accepted Lead', 'Accepted Lead', '2018-01-02', '2018-01-01 19:34:51', 0);

-- --------------------------------------------------------

--
-- Table structure for table `tblUsers`
--

CREATE TABLE `tblUsers` (
  `fldUserId` int(11) NOT NULL COMMENT '	',
  `fldUserFName` varchar(255) NOT NULL,
  `fldUserLName` varchar(255) NOT NULL,
  `fldUserDOB` date DEFAULT NULL,
  `fldUserLandline` varchar(45) DEFAULT NULL,
  `fldUserMobile` varchar(45) DEFAULT NULL,
  `fldUserStreet` varchar(255) DEFAULT NULL,
  `fldUserSuburbs` varchar(255) DEFAULT NULL,
  `fldUserState` varchar(100) DEFAULT NULL,
  `fldUserPostal` varchar(10) DEFAULT NULL,
  `fldUserEmail` varchar(255) NOT NULL,
  `fldUserPassword` varchar(255) DEFAULT NULL,
  `fldUserStatus` varchar(45) DEFAULT NULL,
  `fldLastLogin` datetime DEFAULT NULL,
  `tblUserGroups_fldUserGroupId` int(11) NOT NULL,
  `fldUserCreated` datetime NOT NULL,
  `fldUserModified` timestamp NOT NULL DEFAULT CURRENT_TIMESTAMP ON UPDATE CURRENT_TIMESTAMP,
  `fldUserDeleted` tinyint(1) NOT NULL,
  `fldTitle` varchar(25) NOT NULL,
  `fldUserPin` smallint(6) NOT NULL,
  `fldUserLong` varchar(255) NOT NULL,
  `fldUserLat` varchar(255) NOT NULL,
  `fldUserCompany` varchar(255) NOT NULL,
  `fldUserLeadSource` varchar(255) NOT NULL,
  `fldUserPicture` varchar(255) NOT NULL
) ENGINE=InnoDB DEFAULT CHARSET=latin1;

--
-- Dumping data for table `tblUsers`
--

INSERT INTO `tblUsers` (`fldUserId`, `fldUserFName`, `fldUserLName`, `fldUserDOB`, `fldUserLandline`, `fldUserMobile`, `fldUserStreet`, `fldUserSuburbs`, `fldUserState`, `fldUserPostal`, `fldUserEmail`, `fldUserPassword`, `fldUserStatus`, `fldLastLogin`, `tblUserGroups_fldUserGroupId`, `fldUserCreated`, `fldUserModified`, `fldUserDeleted`, `fldTitle`, `fldUserPin`, `fldUserLong`, `fldUserLat`, `fldUserCompany`, `fldUserLeadSource`, `fldUserPicture`) VALUES
(2, 'Aldrin', 'Magno', '2017-11-06', '0000-000', '0000-0', 'Aralia St.', 'Nightcliff', 'NT', '0810', 'aldrinmagno@gmail.com', '$2y$10$/Fm1WHzU26oF8IoMjxm2oexQXUnAj9xRYnoVIhIW6H0n.jTO0oahW', 'On Hold', NULL, 1, '0000-00-00 00:00:00', '2017-12-28 17:37:02', 0, '', 1384, '144.9633', '-37.8140', '', '', '5a43809435641.jpg'),
(68, 'Jonathan', 'Manuel', '2017-12-28', '04501239421', '451231431', '3/240 Trower Rd', 'Wagaman', 'Northern Territory', '0810', 'jonathan.manual@gmail.com', NULL, NULL, NULL, 13, '0000-00-00 00:00:00', '2018-01-02 19:22:16', 0, '', 2282, '130.88252179999995', '-12.3775456', '', '', ''),
(69, 'hihi', 'Animation', NULL, '4201232', '4021231231', '1/52 Aralia St', 'Nightcliff', 'Northern Territory', '0810', 'jaiden@gmail.com', NULL, NULL, NULL, 2, '0000-00-00 00:00:00', '2018-01-03 16:16:50', 0, '', 9117, '', '', '', '', ''),
(70, '', '', NULL, '', '', '', '', '', '', '', NULL, NULL, NULL, 2, '0000-00-00 00:00:00', '2018-01-03 16:17:58', 0, '', 1702, '', '', '', '', ''),
(71, 'Domic', 'oo', NULL, '', '12312312317', '1/52 Aralia St', 'Nightcliff', 'Northern Territory', '0810', 'domics@gmail.com', NULL, 'Active', NULL, 4, '0000-00-00 00:00:00', '2018-01-02 19:27:12', 0, '', 9691, '130.84817199999998', '-12.38005', '', '', ''),
(72, 'Adria', 'Smith', NULL, '123123', '123123', '1/52 Aralia St', 'Nightcliff', 'Northern Territory', '0810', '', NULL, NULL, NULL, 11, '2018-01-03 01:28:00', '2018-01-02 16:29:13', 0, 'Mr', 0, '130.88252179999995', '-12.3775456', '', '', ''),
(73, 'aldrin', 'adasd', '0001-01-01', '123', '323', '1/5 Aralia St', 'Nightcliff', 'Northern Territory', '0810', 'aldrin@strategylions.com.au', '$2y$10$oJ6frBqYHb79YjM4W/62dux4QcypUhGpvGax5OUh458PPbEJPVgNa', NULL, NULL, 3, '0000-00-00 00:00:00', '2018-01-01 15:24:41', 0, '', 3972, '130.88252179999995', '-12.3810466', '', '', ''),
(74, 'Adrian', 'Smith', NULL, '123123', '123123', '1/52 Aralia St', 'Nightcliff', 'Northern Territory', '0810', '', NULL, NULL, NULL, 9, '2018-01-01 00:00:00', '2018-01-01 19:15:41', 0, 'Mr', 0, '130.88252179999995', '-12.3775456', '', '', ''),
(75, 'Adrian', 'Smith', NULL, '123123', '123123', '1/52 Aralia St', 'Nightcliff', 'Northern Territory', '0810', '', NULL, NULL, NULL, 11, '2018-01-03 01:00:00', '2018-01-02 16:04:20', 0, 'Mr', 0, '130.88252179999995', '-12.3775456', '', '', ''),
(76, 'notype', 'notype', '2018-01-16', '123123123123', '12312312312', NULL, NULL, NULL, NULL, 'aldrinmagno@gmail.com', '$2y$10$I/PM3JDEmgvyhWPbNf5dSuHaSSpBxvvbyThI74nkmQsyEbB1/IWP6', NULL, NULL, 4, '0000-00-00 00:00:00', '2018-01-04 14:49:47', 0, '', 2944, '', '', '', '', '');

--
-- Indexes for dumped tables
--

--
-- Indexes for table `tblAllocatedLeads`
--
ALTER TABLE `tblAllocatedLeads`
  ADD KEY `fldAllocatedFranchiseId` (`fldAllocatedFranchiseId`,`fldAllocatedUserId`);

--
-- Indexes for table `tblConfigs`
--
ALTER TABLE `tblConfigs`
  ADD PRIMARY KEY (`fldConfig`),
  ADD KEY `index2` (`fldConfigName`,`fldConfigValue`);

--
-- Indexes for table `tblDepartments`
--
ALTER TABLE `tblDepartments`
  ADD PRIMARY KEY (`fldDepartmentId`);

--
-- Indexes for table `tblEmployees`
--
ALTER TABLE `tblEmployees`
  ADD PRIMARY KEY (`fldEmployeeID`),
  ADD KEY `Search` (`fldEmployeeType`,`fldEmployeeEmail`),
  ADD KEY `fk_tblEmployees_tblUsers_idx` (`tblUsers_fldUserId`),
  ADD KEY `fk_tblEmployees_tblDepartments1_idx` (`tblDepartments_fldDepartmentId`);

--
-- Indexes for table `tblFiles`
--
ALTER TABLE `tblFiles`
  ADD PRIMARY KEY (`fldFileId`),
  ADD KEY `fk_tblFiles_tblUsers1_idx` (`tblUsers_fldUserId`);

--
-- Indexes for table `tblFranchisees`
--
ALTER TABLE `tblFranchisees`
  ADD PRIMARY KEY (`fldFranchiseeId`),
  ADD KEY `index2` (`fldFranchiseeType`,`fldFranchiseeLeadStatus`,`fldFranchiseeCreated`,`fldFranchiseeModified`),
  ADD KEY `fk_tblFranchisees_tblUsers1_idx` (`tblUsers_fldUserId`),
  ADD KEY `fldFranchiseeClosedBy` (`fldFranchiseeClosedBy`),
  ADD KEY `fldFranchiseeAssignedTo` (`fldFranchiseeAssignedTo`);

--
-- Indexes for table `tblFranchises`
--
ALTER TABLE `tblFranchises`
  ADD PRIMARY KEY (`fldFranchiseId`),
  ADD KEY `fk_tblFranchises_tblFranchisees1_idx` (`tblFranchisees_fldFranchiseeId`);

--
-- Indexes for table `tblGrants`
--
ALTER TABLE `tblGrants`
  ADD PRIMARY KEY (`fldGrantId`),
  ADD KEY `fldGrantGroupId` (`fldGrantGroupId`),
  ADD KEY `fldGrantPermissionId` (`fldGrantPermissionId`);

--
-- Indexes for table `tblInbox`
--
ALTER TABLE `tblInbox`
  ADD PRIMARY KEY (`fldInboxId`),
  ADD KEY `fldInboxSender` (`fldInboxSender`,`fldInboxReceiver`);

--
-- Indexes for table `tblInvoices`
--
ALTER TABLE `tblInvoices`
  ADD PRIMARY KEY (`fldInvoiceId`),
  ADD KEY `index2` (`fldInvoiceStatus`,`fldInvoiceCreated`,`fldInvoiceDueDate`),
  ADD KEY `fk_tblInvoices_tblFranchises1_idx` (`tblFranchises_fldFranchiseId`);

--
-- Indexes for table `tblKnowledgeBase`
--
ALTER TABLE `tblKnowledgeBase`
  ADD PRIMARY KEY (`fldKnowledgeBaseId`),
  ADD KEY `index2` (`fldKnowledgeBaseName`,`fldKnowledgeBaseContent`),
  ADD KEY `fk_tblKnowledgeBase_tblUsers1_idx` (`tblUsers_fldUserId`);

--
-- Indexes for table `tblLessons`
--
ALTER TABLE `tblLessons`
  ADD PRIMARY KEY (`fldLessonId`),
  ADD KEY `index2` (`fldLessonName`,`fldLessonContent`,`fldLessonCreated`),
  ADD KEY `fk_tblLessons_tblKnowledgeBase1_idx` (`tblKnowledgeBase_fldKnowledgeBaseId`),
  ADD KEY `fk_tblLessons_tblUsers1_idx` (`tblUsers_fldUserId`);

--
-- Indexes for table `tblNextKin`
--
ALTER TABLE `tblNextKin`
  ADD PRIMARY KEY (`fldNextKinId`),
  ADD KEY `fk_tblNextKin_tblUsers1_idx` (`tblUsers_fldUserId`);

--
-- Indexes for table `tblNotes`
--
ALTER TABLE `tblNotes`
  ADD PRIMARY KEY (`fldNoteId`),
  ADD KEY `fk_tblNotes_tblUsers1_idx` (`tblUsers_fldUserId`),
  ADD KEY `fldNoteType` (`fldNoteType`,`fldNoteTypeId`);

--
-- Indexes for table `tblOptions`
--
ALTER TABLE `tblOptions`
  ADD PRIMARY KEY (`fldOptionId`);

--
-- Indexes for table `tblPermissions`
--
ALTER TABLE `tblPermissions`
  ADD PRIMARY KEY (`fldPermissionId`),
  ADD KEY `Search` (`fldPermission`);

--
-- Indexes for table `tblPostalCodes`
--
ALTER TABLE `tblPostalCodes`
  ADD PRIMARY KEY (`fldPostalCodeId`);

--
-- Indexes for table `tblRegionals`
--
ALTER TABLE `tblRegionals`
  ADD PRIMARY KEY (`fldRegionalId`);

--
-- Indexes for table `tblReports`
--
ALTER TABLE `tblReports`
  ADD PRIMARY KEY (`fldReportId`),
  ADD KEY `Search` (`fldReportJobsCompleted`,`fldReportTakingEachDay`,`fldReportHoursProspecting`,`fldReportHeadOfficeMaster`,`fldReportCreated`),
  ADD KEY `fk_tblReports_tblFranchisees1_idx` (`tblFranchisees_fldFranchiseeId`);

--
-- Indexes for table `tblStates`
--
ALTER TABLE `tblStates`
  ADD PRIMARY KEY (`fldStateId`);

--
-- Indexes for table `tblSupplied`
--
ALTER TABLE `tblSupplied`
  ADD KEY `fldSuppliedFranchiseId` (`fldSuppliedFranchiseId`,`fldSuppliedSuppliesListId`);

--
-- Indexes for table `tblSuppliesList`
--
ALTER TABLE `tblSuppliesList`
  ADD PRIMARY KEY (`fldSupplyListId`);

--
-- Indexes for table `tblUserDepartment`
--
ALTER TABLE `tblUserDepartment`
  ADD KEY `fldUserId` (`fldUserId`,`fldDepartmentId`);

--
-- Indexes for table `tblUserGroups`
--
ALTER TABLE `tblUserGroups`
  ADD PRIMARY KEY (`fldUserGroupId`);

--
-- Indexes for table `tblUsers`
--
ALTER TABLE `tblUsers`
  ADD PRIMARY KEY (`fldUserId`),
  ADD KEY `Search` (`fldUserFName`,`fldUserLName`,`fldUserEmail`,`fldUserPassword`),
  ADD KEY `fk_tblUsers_tblUserGroups1_idx` (`tblUserGroups_fldUserGroupId`);

--
-- AUTO_INCREMENT for dumped tables
--

--
-- AUTO_INCREMENT for table `tblConfigs`
--
ALTER TABLE `tblConfigs`
  MODIFY `fldConfig` int(11) NOT NULL AUTO_INCREMENT COMMENT '	';
--
-- AUTO_INCREMENT for table `tblDepartments`
--
ALTER TABLE `tblDepartments`
  MODIFY `fldDepartmentId` int(11) NOT NULL AUTO_INCREMENT, AUTO_INCREMENT=3;
--
-- AUTO_INCREMENT for table `tblEmployees`
--
ALTER TABLE `tblEmployees`
  MODIFY `fldEmployeeID` int(11) NOT NULL AUTO_INCREMENT, AUTO_INCREMENT=36;
--
-- AUTO_INCREMENT for table `tblFiles`
--
ALTER TABLE `tblFiles`
  MODIFY `fldFileId` int(11) NOT NULL AUTO_INCREMENT, AUTO_INCREMENT=4;
--
-- AUTO_INCREMENT for table `tblFranchisees`
--
ALTER TABLE `tblFranchisees`
  MODIFY `fldFranchiseeId` int(11) NOT NULL AUTO_INCREMENT, AUTO_INCREMENT=6;
--
-- AUTO_INCREMENT for table `tblFranchises`
--
ALTER TABLE `tblFranchises`
  MODIFY `fldFranchiseId` int(11) NOT NULL AUTO_INCREMENT, AUTO_INCREMENT=9;
--
-- AUTO_INCREMENT for table `tblGrants`
--
ALTER TABLE `tblGrants`
  MODIFY `fldGrantId` int(11) NOT NULL AUTO_INCREMENT, AUTO_INCREMENT=92;
--
-- AUTO_INCREMENT for table `tblInbox`
--
ALTER TABLE `tblInbox`
  MODIFY `fldInboxId` int(11) NOT NULL AUTO_INCREMENT, AUTO_INCREMENT=6;
--
-- AUTO_INCREMENT for table `tblInvoices`
--
ALTER TABLE `tblInvoices`
  MODIFY `fldInvoiceId` int(11) NOT NULL AUTO_INCREMENT;
--
-- AUTO_INCREMENT for table `tblKnowledgeBase`
--
ALTER TABLE `tblKnowledgeBase`
  MODIFY `fldKnowledgeBaseId` int(11) NOT NULL AUTO_INCREMENT;
--
-- AUTO_INCREMENT for table `tblLessons`
--
ALTER TABLE `tblLessons`
  MODIFY `fldLessonId` int(11) NOT NULL AUTO_INCREMENT;
--
-- AUTO_INCREMENT for table `tblNextKin`
--
ALTER TABLE `tblNextKin`
  MODIFY `fldNextKinId` int(11) NOT NULL AUTO_INCREMENT, AUTO_INCREMENT=3;
--
-- AUTO_INCREMENT for table `tblNotes`
--
ALTER TABLE `tblNotes`
  MODIFY `fldNoteId` int(11) NOT NULL AUTO_INCREMENT, AUTO_INCREMENT=3;
--
-- AUTO_INCREMENT for table `tblOptions`
--
ALTER TABLE `tblOptions`
  MODIFY `fldOptionId` int(11) NOT NULL AUTO_INCREMENT, AUTO_INCREMENT=107;
--
-- AUTO_INCREMENT for table `tblPermissions`
--
ALTER TABLE `tblPermissions`
  MODIFY `fldPermissionId` int(11) NOT NULL AUTO_INCREMENT, AUTO_INCREMENT=48;
--
-- AUTO_INCREMENT for table `tblPostalCodes`
--
ALTER TABLE `tblPostalCodes`
  MODIFY `fldPostalCodeId` int(11) NOT NULL AUTO_INCREMENT, AUTO_INCREMENT=2518;
--
-- AUTO_INCREMENT for table `tblRegionals`
--
ALTER TABLE `tblRegionals`
  MODIFY `fldRegionalId` int(11) NOT NULL AUTO_INCREMENT;
--
-- AUTO_INCREMENT for table `tblReports`
--
ALTER TABLE `tblReports`
  MODIFY `fldReportId` int(11) NOT NULL AUTO_INCREMENT;
--
-- AUTO_INCREMENT for table `tblStates`
--
ALTER TABLE `tblStates`
  MODIFY `fldStateId` int(11) NOT NULL AUTO_INCREMENT;
--
-- AUTO_INCREMENT for table `tblSuppliesList`
--
ALTER TABLE `tblSuppliesList`
  MODIFY `fldSupplyListId` int(11) NOT NULL AUTO_INCREMENT, AUTO_INCREMENT=8;
--
-- AUTO_INCREMENT for table `tblUserGroups`
--
ALTER TABLE `tblUserGroups`
  MODIFY `fldUserGroupId` int(11) NOT NULL AUTO_INCREMENT, AUTO_INCREMENT=15;
--
-- AUTO_INCREMENT for table `tblUsers`
--
ALTER TABLE `tblUsers`
  MODIFY `fldUserId` int(11) NOT NULL AUTO_INCREMENT COMMENT '	', AUTO_INCREMENT=77;
--
-- Constraints for dumped tables
--

--
-- Constraints for table `tblEmployees`
--
ALTER TABLE `tblEmployees`
  ADD CONSTRAINT `fk_tblEmployees_tblDepartments1` FOREIGN KEY (`tblDepartments_fldDepartmentId`) REFERENCES `tblDepartments` (`fldDepartmentId`) ON DELETE NO ACTION ON UPDATE NO ACTION,
  ADD CONSTRAINT `fk_tblEmployees_tblUsers` FOREIGN KEY (`tblUsers_fldUserId`) REFERENCES `tblUsers` (`fldUserId`) ON DELETE NO ACTION ON UPDATE NO ACTION;

--
-- Constraints for table `tblFiles`
--
ALTER TABLE `tblFiles`
  ADD CONSTRAINT `fk_tblFiles_tblUsers1` FOREIGN KEY (`tblUsers_fldUserId`) REFERENCES `tblUsers` (`fldUserId`) ON DELETE NO ACTION ON UPDATE NO ACTION;

--
-- Constraints for table `tblFranchisees`
--
ALTER TABLE `tblFranchisees`
  ADD CONSTRAINT `fk_tblFranchisees_tblUsers1` FOREIGN KEY (`tblUsers_fldUserId`) REFERENCES `tblUsers` (`fldUserId`) ON DELETE NO ACTION ON UPDATE NO ACTION;

--
-- Constraints for table `tblInvoices`
--
ALTER TABLE `tblInvoices`
  ADD CONSTRAINT `fk_tblInvoices_tblFranchises1` FOREIGN KEY (`tblFranchises_fldFranchiseId`) REFERENCES `tblFranchises` (`fldFranchiseId`) ON DELETE NO ACTION ON UPDATE NO ACTION;

--
-- Constraints for table `tblKnowledgeBase`
--
ALTER TABLE `tblKnowledgeBase`
  ADD CONSTRAINT `fk_tblKnowledgeBase_tblUsers1` FOREIGN KEY (`tblUsers_fldUserId`) REFERENCES `tblUsers` (`fldUserId`) ON DELETE NO ACTION ON UPDATE NO ACTION;

--
-- Constraints for table `tblLessons`
--
ALTER TABLE `tblLessons`
  ADD CONSTRAINT `fk_tblLessons_tblKnowledgeBase1` FOREIGN KEY (`tblKnowledgeBase_fldKnowledgeBaseId`) REFERENCES `tblKnowledgeBase` (`fldKnowledgeBaseId`) ON DELETE NO ACTION ON UPDATE NO ACTION,
  ADD CONSTRAINT `fk_tblLessons_tblUsers1` FOREIGN KEY (`tblUsers_fldUserId`) REFERENCES `tblUsers` (`fldUserId`) ON DELETE NO ACTION ON UPDATE NO ACTION;

--
-- Constraints for table `tblNextKin`
--
ALTER TABLE `tblNextKin`
  ADD CONSTRAINT `fk_tblNextKin_tblUsers1` FOREIGN KEY (`tblUsers_fldUserId`) REFERENCES `tblUsers` (`fldUserId`) ON DELETE NO ACTION ON UPDATE NO ACTION;

--
-- Constraints for table `tblNotes`
--
ALTER TABLE `tblNotes`
  ADD CONSTRAINT `fk_tblNotes_tblUsers1` FOREIGN KEY (`tblUsers_fldUserId`) REFERENCES `tblUsers` (`fldUserId`) ON DELETE NO ACTION ON UPDATE NO ACTION;

--
-- Constraints for table `tblReports`
--
ALTER TABLE `tblReports`
  ADD CONSTRAINT `fk_tblReports_tblFranchisees1` FOREIGN KEY (`tblFranchisees_fldFranchiseeId`) REFERENCES `tblFranchisees` (`fldFranchiseeId`) ON DELETE NO ACTION ON UPDATE NO ACTION;

--
-- Constraints for table `tblUsers`
--
ALTER TABLE `tblUsers`
  ADD CONSTRAINT `fk_tblUsers_tblUserGroups1` FOREIGN KEY (`tblUserGroups_fldUserGroupId`) REFERENCES `tblUserGroups` (`fldUserGroupId`) ON DELETE NO ACTION ON UPDATE NO ACTION;

/*!40101 SET CHARACTER_SET_CLIENT=@OLD_CHARACTER_SET_CLIENT */;
/*!40101 SET CHARACTER_SET_RESULTS=@OLD_CHARACTER_SET_RESULTS */;
/*!40101 SET COLLATION_CONNECTION=@OLD_COLLATION_CONNECTION */;
